,"               Johnson Gage and Inspection, Inc.         ",,,,,,,,,,,password: jgi,,,,,,,,,,,,,,,Tables updated:,2021-06-03 00:00:00,Item,Range,Meas Units,Uncert Units,Base ,,Item,Range,Meas Units,Uncert Units,Base ,,Item,Range,Meas Units,Uncert Units,Base ,,Item,Range,Meas Units,Uncert Units,Base ,,Item,Range,Meas Units,Uncert Units,Base ,,Item,Range,Meas Units,Uncert Units,Base ,,Item,Range,Meas Units,Uncert Units,Base ,,Item,Range,Meas Units,Uncert Units,Base ,,Item,Range,Meas Units,Uncert Units,Base ,,,,,,,,,,,,,,,,
,"          5920 W. 21st St. N., Wichita, KS  67205         ",,,,,,,,,,,,,,,,,,,,,,,,,,,,TC E with PRT,-112 to -22,°F,°F,0.19,,TC J with PRT,-112 to -22,°F,°F,0.2,,TC K with PRT,-112 to -22,°F,°F,0.22,,TC N with PRT,-112 to -22,°F,°F,0.28,,TC R with PRT,32 to 392,°F,°F,0.81,,TC R with S ref,32 to 392,°F,°F,1.02,,TC S with PRT,32 to 392,°F,°F,0.81,,TC S with S ref,32 to 392,°F,°F,1.01,,TC T with PRT,-112 to -22,°F,°F,0.23,,,,,,,,,,,,,,,,
,          Phone 316.943.7532;  Fax 316.944.6256         ,,,,,,,,,,,,,,,,,,,,,,,,,,,,TC E with PRT,-22 to 392,°F,°F,0.19,,TC J with PRT,-22 to 392,°F,°F,0.21,,TC K with PRT,-22 to 392,°F,°F,0.24,,TC N with PRT,-22 to 392,°F,°F,0.26,,TC R with PRT,392 to 752,°F,°F,0.81,,TC R with S ref,392 to 1200,°F,°F,1.02,,TC S with PRT,392 to 752,°F,°F,0.81,,TC S with S ref,392 to 1200,°F,°F,1.01,,TC T with PRT,-22 to 392,°F,°F,0.2,,,,,,,,,,,,,,,,
,,,,,,,,,,,,,,,,,,,,,,,,,,,,,TC E with PRT,392 to 752,°F,°F,0.18,,TC J with PRT,392 to 752,°F,°F,0.21,,TC K with PRT,392 to 752,°F,°F,0.24,,TC N with PRT,392 to 752,°F,°F,0.26,,TC R with S std,32 to 392,°F,°F,1.3,,TC R with S ref,1200 to 2000,°F,°F,1.2,,TC S with S std,32 to 392,°F,°F,1.3,,TC S with S ref,1200 to 2000,°F,°F,1.2,,TC T with PRT,392 to 752,°F,°F,0.2,,,,,,,,,,,,,,,,
,DATASHEET,,,,,,,,,,,,,,,,,,,,,,,,,,,,TC E with S,32 to 392,°F,°F,1.3068415751374713,,TC J with S,32 to 392,°F,°F,1.0165731786879313,,TC K with S,32 to 392,°F,°F,1.31,,TC N with S std,32 to 392,°F,°F,1.31,,TC R with S std,392 to 1200,°F,°F,1.6,,TC R with S ref,2000 to 2500,°F,°F,3.2,,TC S with S std,392 to 1200,°F,°F,1.3,,TC S with S ref,2000 to 2500,°F,°F,3.2,,TC T with S std,32 to 392,°F,°F,1.31,,,,,,,,,,,,,,,,
Report Number: ,='CERTIFICATION WORKSHEET'!F1,,,,Page 1 of 1,,,Form 4007,,,,,,,,,,,,,,,,,,,,,TC E with S,392 to 1200,°F,°F,2,,TC J with S,392 to 1200,°F,°F,1.5,,TC K with S std,392 to 1200,°F,°F,1.5,,TC N with S std,392 to 1200,°F,°F,1.6,,TC R with S std,1200 to 2000,°F,°F,2,,,,,,,,TC S with S std,1200 to 2000,°F,°F,1.6,,,,,,,,TC T with S std,392 to 752,°F,°F,1.44,,,,,,,,,,,,,,,,
Customer: ,=Customers!$I$2,,,,,,,Rev. F 10-20-20,,,,,,,,,,,,,,,,,,,,,TC E with S,1200 to 1832,°F,°F,2.2,,TC J with S,1200 to 2000,°F,°F,2.0018054334577453,,TC K with S std,1200 to 2000,°F,°F,2,,TC N with S std,1200 to 2000,°F,°F,2.1,,TC R with S std,2000 to 2500,°F,°F,3.23,,,,,,,,TC S with S std,2000 to 2500,°F,°F,2,,,,,,,PRT ,=MAX(BZ9:BZ11),=MAX(CA9:CA11),=MAX(CB9:CB11),=MAX(CC9:CC11),=MAX(CD9:CD11),,,,,,,,,,,,,,,,
,=Customers!$I$3,,,,,,,,,,,,,,,,,,,,,,,,,,,PRT ,=MAX(AD10:AD12),=MAX(AE10:AE12),=MAX(AF10:AF12),=MAX(AG10:AG12),=MAX(AH10:AH12),,TC J with S,2000 to 2192,°F,°F,2.7,,TC K with S std,2000 to 2500,°F,°F,3.2,,TC N with S std,2000 to 2372,°F,°F,2.9,PRT ,=MAX(BB11:BB12),=MAX(BC11:BC12),=MAX(BD11:BD12),=MAX(BE11:BE12),=MAX(BF11:BF12),,,,,,,PRT ,=MAX(BN11:BN12),=MAX(BO11:BO12),=MAX(BP11:BP12),=MAX(BQ11:BQ12),3.2,,,,,,,S ,=MAX(BZ12:BZ13),=MAX(CA12:CA13),=MAX(CB12:CB13),=MAX(CC12:CC13),=MAX(CD12:CD13),,,,,,,,,,,,,,,,
,=Customers!$I$10,,,,,,,,,,,,,,,,,,,,,,,,,,,S ,=MAX(AD13:AD15),=MAX(AE13:AE15),=MAX(AF13:AF15),=MAX(AG13:AG15),=MAX(AH13:AH15),PRT ,=MAX(AJ11:AJ13),=MAX(AK11:AK13),=MAX(AL11:AL13),=MAX(AM11:AM13),=MAX(AN11:AN13),PRT ,=MAX(AP11:AP13),=MAX(AQ11:AQ13),=MAX(AR11:AR13),=MAX(AS11:AS13),=MAX(AT11:AT13),PRT ,=MAX(AV11:AV13),=MAX(AW11:AW13),=MAX(AX11:AX13),=MAX(AY11:AY13),=MAX(AZ11:AZ13),S std,=MAX(BB13:BB16),=MAX(BC13:BC16),=MAX(BD13:BD16),=MAX(BE13:BE16),=MAX(BF13:BF16),,,,,,,S std,=MAX(BN13:BN16),=MAX(BO13:BO16),=MAX(BP13:BP16),=MAX(BQ13:BQ16),=MAX(BR13:BR16),,,,,,,PRT rng 1,"=IF(AND(X$21>-111.9,X$21<-21.9),CD2,""0"")","=IF(AND(Y$21>-111.9,Y$21<-21.9),CE2,""0"")","=IF(AND(Z$21>-111.9,Z$21<-21.9),CF2,""0"")","=IF(AND(AA$21>-111.9,AA$21<-21.9),CG2,""0"")","=IF(AND(AB$21>-111.9,AB$21<-21.9),CH2,""0"")",,,,,,,,,,,,,,,,
,,,,,,,,,,,,,,,,,,,,,,,,,,,,PRT rng 1,"=IF(AND(X$21>-111.9,X$21<-21.9),$AH2,""0"")","=IF(AND(Y$21>-111.9,Y$21<-21.9),$AH2,""0"")","=IF(AND(Z$21>-111.9,Z$21<-21.9),$AH2,""0"")","=IF(AND(AA$21>-111.9,AA$21<-21.9),$AH2,""0"")","=IF(AND(AB$21>-111.9,AB$21<-21.9),$AH2,""0"")",S ,=MAX(AJ14:AJ17),=MAX(AK14:AK17),=MAX(AL14:AL17),=MAX(AM14:AM17),=MAX(AN14:AN17),S ,=MAX(AP14:AP17),=MAX(AQ14:AQ17),=MAX(AR14:AR17),=MAX(AS14:AS17),=MAX(AT14:AT17),S ,=MAX(AV14:AV17),=MAX(AW14:AW17),=MAX(AX14:AX17),=MAX(AY14:AY17),=MAX(AZ14:AZ17),S ref ,=MAX(BB17:BB20),=MAX(BC17:BC20),=MAX(BD17:BD20),=MAX(BE17:BE20),=MAX(BF17:BF20),,,,,,,S ref ,=MAX(BN17:BN20),=MAX(BO17:BO20),=MAX(BP17:BP20),=MAX(BQ17:BQ20),=MAX(BR17:BR20),,,,,,,PRT rng 2,"=IF(AND(X$21>-22,X$21<392.1),$CD3,""0"")","=IF(AND(Y$21>-22,Y$21<392.1),$CD3,""0"")","=IF(AND(Z$21>-22,Z$21<392.1),$CD3,""0"")","=IF(AND(AA$21>-22,AA$21<392.1),$CD3,""0"")","=IF(AND(AB$21>-22,AB$21<392.1),$CD3,""0"")",,,,,,,,,,,,,,,,
Item: ,='TC FORM'!B$3,,,,,Inspector: ,='TC FORM'!G$3,,,,,,,,,,,,,,,,,,,,,PRT rng 2,"=IF(AND(X$21>-22,X$21<392.1),$AH3,""0"")","=IF(AND(Y$21>-22,Y$21<392.1),$AH3,""0"")","=IF(AND(Z$21>-22,Z$21<392.1),$AH3,""0"")","=IF(AND(AA$21>-22,AA$21<392.1),$AH3,""0"")","=IF(AND(AB$21>-22,AB$21<392.1),$AH3,""0"")",PRT rng 1,"=IF(AND(X$21>-111.9,X$21<-21.9),$AN2,""0"")","=IF(AND(Y$21>-111.9,Y$21<-21.9),$AN2,""0"")","=IF(AND(Z$21>-111.9,Z$21<-21.9),$AN2,""0"")","=IF(AND(AA$21>-111.9,AA$21<-21.9),$AN2,""0"")","=IF(AND(AB$21>-111.9,AB$21<-21.9),$AN2,""0"")",PRT rng 1,"=IF(AND(X$21>-111.9,X$21<-21.9),$AT2,""0"")","=IF(AND(Y$21>-111.9,Y$21<-21.9),$AT2,""0"")","=IF(AND(Z$21>-111.9,Z$21<-21.9),$AT2,""0"")","=IF(AND(AA$21>-111.9,AA$21<-21.9),$AT2,""0"")","=IF(AND(AB$21>-111.9,AB$21<-21.9),$AT2,""0"")",PRT rng 1,"=IF(AND(X$21>-111.9,X$21<-21.9),$AZ2,""0"")","=IF(AND(Y$21>-111.9,Y$21<-21.9),$AZ2,""0"")","=IF(AND(Z$21>-111.9,Z$21<-21.9),$AZ2,""0"")","=IF(AND(AA$21>-111.9,AA$21<-21.9),$AZ2,""0"")","=IF(AND(AB$21>-111.9,AB$21<-21.9),$AZ2,""0"")",PRT rng 1,"=IF(AND(X$21>31.9,X$21<392.1),$BF2,""0"")","=IF(AND(Y$21>31.9,Y$21<392.1),$BF2,""0"")","=IF(AND(Z$21>31.9,Z$21<392.1),$BF2,""0"")","=IF(AND(AA$21>31.9,AA$21<392.1),$BF2,""0"")","=IF(AND(AB$21>31.9,AB$21<392.1),$BF2,""0"")",,,,,,,PRT rng 1,"=IF(AND(X$21>31.9,X$21<392.1),$BR2,""0"")","=IF(AND(Y$21>31.9,AK$21<392.1),$BR2,""0"")","=IF(AND(Z$21>31.9,AL$21<392.1),$BR2,""0"")","=IF(AND(AA$21>31.9,AM$21<392.1),$BR2,""0"")","=IF(AND(AB$21>31.9,AN$21<392.1),$BR2,""0"")",,,,,,,PRT rng 3,"=IF(AND(X$21>392,X$21<752.1),$CD4,""0"")","=IF(AND(Y$21>392,Y$21<752.1),$CD4,""0"")","=IF(AND(Z$21>392,Z$21<752.1),$CD4,""0"")","=IF(AND(AA$21>392,AA$21<752.1),$CD4,""0"")","=IF(AND(AB$21>392,AB$21<752.1),$CD4,""0"")",,,,,,,,,,,,,,,,
Type: ,='TC FORM'!B$4,,,,,Date Calibrated: ,='TC FORM'!G$4,,,,,,,,,,,,,,,,,,,,,PRT rng 3,"=IF(AND(X$21>392,X$21<752.1),$AH4,""0"")","=IF(AND(Y$21>-392,Y$21<752.1),$AH4,""0"")","=IF(AND(Z$21>-392,Z$21<752.1),$AH4,""0"")","=IF(AND(AA$21>-392,AA$21<752.1),$AH4,""0"")","=IF(AND(AB$21>-392,AB$21<752.1),$AH4,""0"")",PRT rng 2,"=IF(AND(X$21>-22,X$21<392.1),$AN3,""0"")","=IF(AND(Y$21>-22,Y$21<392.1),$AN3,""0"")","=IF(AND(Z$21>-22,Z$21<392.1),$AN3,""0"")","=IF(AND(AA$21>-22,AA$21<392.1),$AN3,""0"")","=IF(AND(AB$21>-22,AB$21<392.1),$AN3,""0"")",PRT rng 2,"=IF(AND(X$21>-22,X$21<392.1),$AT3,""0"")","=IF(AND(Y$21>-22,Y$21<392.1),$AT3,""0"")","=IF(AND(Z$21>-22,Z$21<392.1),$AT3,""0"")","=IF(AND(AA$21>-22,AA$21<392.1),$AT3,""0"")","=IF(AND(AB$21>-22,AB$21<392.1),$AT3,""0"")",PRT rng 2,"=IF(AND(X$21>-22,X$21<392.1),$AZ3,""0"")","=IF(AND(Y$21>-22,Y$21<392.1),$AZ3,""0"")","=IF(AND(Z$21>-22,Z$21<392.1),$AZ3,""0"")","=IF(AND(AA$21>-22,AA$21<392.1),$AZ3,""0"")","=IF(AND(AB$21>-22,AB$21<392.1),$AZ3,""0"")",PRT rng 2,"=IF(AND(X$21>392,X$21<752.1),$BF3,""0"")","=IF(AND(Y$21>392,Y$21<752.1),$BF3,""0"")","=IF(AND(Z$21>392,Z$21<752.1),$BF3,""0"")","=IF(AND(AA$21>392,AA$21<752.1),$BF3,""0"")","=IF(AND(AB$21>392,AB$21<752.1),$BF3,""0"")",,,,,,,PRT rng 2,"=IF(AND(X$21>392,X$21<752.1),$BR3,""0"")","=IF(AND(Y$21>392,Y$21<752.1),$BR3,""0"")","=IF(AND(Z$21>392,Z$21<752.1),$BR3,""0"")","=IF(AND(AA$21>392,AA$21<752.1),$BR3,""0"")","=IF(AND(AB$21>392,AB$21<752.1),$BR3,""0"")",,,,,,,S rng 1 ,"=IF(AND(X$21>31.9,X$21<392.1),$CD5,""0"")","=IF(AND(Y$21>31.9,Y$21<392.1),$CD5,""0"")","=IF(AND(Z$21>31.9,Z$21<392.1),$CD5,""0"")","=IF(AND(AA$21>31.9,AA$21<392.1),$CD5,""0"")","=IF(AND(AB$21>31.9,AB$21<392.1),$CD5,""0"")",,,,,,,,,,,,,,,,
Gauge: ,='TC FORM'!B$5,,,,,Recalibration Date: ,='TC FORM'!G$5,,,,,,,,,,,,,,,,,,,,,S rng 1,"=IF(AND(X$21>31.9,X$21<392.1),$AH5,""0"")","=IF(AND(Y$21>31.9,Y$21<392.1),$AH5,""0"")","=IF(AND(Z$21>31.9,Z$21<392.1),$AH5,""0"")","=IF(AND(AA$21>31.9,AA$21<392.1),$AH5,""0"")","=IF(AND(AB$21>31.9,AB$21<392.1),$AH5,""0"")",PRT rng 3,"=IF(AND(X$21>392,X$21<752.1),$AN4,""0"")","=IF(AND(Y$21>392,Y$21<752.1),$AN4,""0"")","=IF(AND(Z$21>392,Z$21<752.1),$AN4,""0"")","=IF(AND(AA$21>392,AA$21<752.1),$AN4,""0"")","=IF(AND(AB$21>392,AB$21<752.1),$AN4,""0"")",PRT rng 3,"=IF(AND(X$21>392,X$21<752.1),$AT4,""0"")","=IF(AND(Y$21>392,Y$21<752.1),$AT4,""0"")","=IF(AND(Z$21>392,Z$21<752.1),$AT4,""0"")","=IF(AND(AA$21>392,AA$21<752.1),$AT4,""0"")","=IF(AND(AB$21>392,AB$21<752.1),$AT4,""0"")",PRT rng 3,"=IF(AND(X$21>392,X$21<752.1),$AZ4,""0"")","=IF(AND(Y$21>392,Y$21<752.1),$AZ4,""0"")","=IF(AND(Z$21>392,Z$21<752.1),$AZ4,""0"")","=IF(AND(AA$21>392,AA$21<752.1),$AZ4,""0"")","=IF(AND(AB$21>392,AB$21<752.1),$AZ4,""0"")",S rng 1 ,"=IF(AND(X$21>31.9,X$21<392.1),$BF4,""0"")","=IF(AND(Y$21>31.9,Y$21<392.1),$BF4,""0"")","=IF(AND(Z$21>31.9,Z$21<392.1),$BF4,""0"")","=IF(AND(AA$21>31.9,AA$21<392.1),$BF4,""0"")","=IF(AND(AB$21>31.9,AB$21<392.1),$BF4,""0"")",,,,,,,S rng 1 ,"=IF(AND(X$21>31.9,X$21<392.1),$BR4,""0"")","=IF(AND(Y$21>31.9,Y$21<392.1),$BR4,""0"")","=IF(AND(Z$21>31.9,Z$21<392.1),$BR4,""0"")","=IF(AND(AA$21>31.9,AA$21<392.1),$BR4,""0"")","=IF(AND(AB$21>31.9,AB$21<392.1),$BR4,""0"")",,,,,,,S rng 2 ,"=IF(AND(X$21>392,X$21<752.1),$CD6,""0"")","=IF(AND(Y$21>392,Y$21<752.1),$CD6,""0"")","=IF(AND(Z$21>392,Z$21<752.1),$CD6,""0"")","=IF(AND(AA$21>392,AA$21<752.1),$CD6,""0"")","=IF(AND(AB$21>392,AB$21<752.1),$CD6,""0"")",,,,,,,,,,,,,,,,
Temperature: ,='TC FORM'!B$6,,,,,Relative Humidity: ,=('TC FORM'!G$6)/100,,,,,,,,,,,,,,,,,,,,,S rng 2,"=IF(AND(X$21>392,X$21<1200.1),$AH6,""0"")","=IF(AND(Y$21>392,Y$21<1200.1),$AH6,""0"")","=IF(AND(Z$21>392,Z$21<1200.1),$AH6,""0"")","=IF(AND(AA$21>392,AA$21<1200.1),$AH6,""0"")","=IF(AND(AB$21>392,AB$21<1200.1),$AH6,""0"")",S rng 1 ,"=IF(AND(X$21>31.9,X$21<392.1),$AN5,""0"")","=IF(AND(Y$21>31.9,Y$21<392.1),$AN5,""0"")","=IF(AND(Z$21>31.9,Z$21<392.1),$AN5,""0"")","=IF(AND(AA$21>31.9,AA$21<392.1),$AN5,""0"")","=IF(AND(AB$21>31.9,AB$21<392.1),$AN5,""0"")",S rng 1 ,"=IF(AND(X$21>31.9,X$21<392.1),$AT5,""0"")","=IF(AND(Y$21>31.9,Y$21<392.1),$AT5,""0"")","=IF(AND(Z$21>31.9,Z$21<392.1),$AT5,""0"")","=IF(AND(AA$21>31.9,AA$21<392.1),$AT5,""0"")","=IF(AND(AB$21>31.9,AB$21<392.1),$AT5,""0"")",S rng 1 ,"=IF(AND(X$21>31.9,X$21<392.1),$AZ5,""0"")","=IF(AND(Y$21>31.9,Y$21<392.1),$AZ5,""0"")","=IF(AND(Z$21>31.9,Z$21<392.1),$AZ5,""0"")","=IF(AND(AA$21>31.9,AA$21<392.1),$AZ5,""0"")","=IF(AND(AB$21>31.9,AB$21<392.1),$AZ5,""0"")",S rng 2 ,"=IF(AND(X$21>392,X$21<1200.1),$BF5,""0"")","=IF(AND(Y$21>392,Y$21<1200.1),$BF5,""0"")","=IF(AND(Z$21>392,Z$21<1200.1),$BF5,""0"")","=IF(AND(AA$21>392,AA$21<1200.1),$BF5,""0"")","=IF(AND(AB$21>392,AB$21<1200.1),$BF5,""0"")",,,,,,,S rng 2 ,"=IF(AND(X$21>392,X$21<1200.1),$BR5,""0"")","=IF(AND(Y$21>392,Y$21<1200.1),$BR5,""0"")","=IF(AND(Z$21>392,Z$21<1200.1),$BR5,""0"")","=IF(AND(AA$21>392,AA$21<1200.1),$BR5,""0"")","=IF(AND(AB$21>392,AB$21<1200.1),$BR5,""0"")",,,,,,,,,,,,,,,,,,,,,,,,,,,,
,,,,,,,,,,,,,,,,,,,,,,,,,,,,S rng 3,"=IF(AND(X$21>1200,X$21<1832.1),$AH7,""0"")","=IF(AND(Y$21>1200,Y$21<1832.1),$AH7,""0"")","=IF(AND(Z$21>1200,Z$21<1832.1),$AH7,""0"")","=IF(AND(AA$21>1200,AA$21<1832.1),$AH7,""0"")","=IF(AND(AB$21>1200,AB$21<1832.1),$AH7,""0"")",S rng 2 ,"=IF(AND(X$21>392,X$21<1200.1),$AN6,""0"")","=IF(AND(Y$21>392,Y$21<1200.1),$AN6,""0"")","=IF(AND(Z$21>392,Z$21<1200.1),$AN6,""0"")","=IF(AND(AA$21>392,AA$21<1200.1),$AN6,""0"")","=IF(AND(AB$21>392,AB$21<1200.1),$AN6,""0"")",S rng 2 ,"=IF(AND(X$21>392,X$21<1200.1),$AT6,""0"")","=IF(AND(Y$21>392,Y$21<1200.1),$AT6,""0"")","=IF(AND(Z$21>392,Z$21<1200.1),$AT6,""0"")","=IF(AND(AA$21>392,AA$21<1200.1),$AT6,""0"")","=IF(AND(AB$21>392,AB$21<1200.1),$AT6,""0"")",S rng 2 ,"=IF(AND(X$21>392,X$21<1200.1),$AZ6,""0"")","=IF(AND(Y$21>392,Y$21<1200.1),$AZ6,""0"")","=IF(AND(Z$21>392,Z$21<1200.1),$AZ6,""0"")","=IF(AND(AA$21>392,AA$21<1200.1),$AZ6,""0"")","=IF(AND(AB$21>392,AB$21<1200.1),$AZ6,""0"")",S rng 3 ,"=IF(AND(X$21>1200,X$21<2000.1),$BF6,""0"")","=IF(AND(Y$21>1200,Y$21<2000.1),$BF6,""0"")","=IF(AND(Z$21>1200,Z$21<2000.1),$BF6,""0"")","=IF(AND(AA$21>1200,AA$21<2000.1),$BF6,""0"")","=IF(AND(AB$21>1200,AB$21<2000.1),$BF6,""0"")",,,,,,,S rng 3 ,"=IF(AND(X$21>1200,X$21<2000.1),$BR6,""0"")","=IF(AND(Y$21>1200,Y$21<2000.1),$BR6,""0"")","=IF(AND(Z$21>1200,Z$21<2000.1),$BR6,""0"")","=IF(AND(AA$21>1200,AA$21<2000.1),$BR6,""0"")","=IF(AND(AB$21>1200,AB$21<2000.1),$BR6,""0"")",,,,,,,,,,,,,,,,,,,,,,,,,,,,
,Calibration Procedure(s): ,WP4007,,,,Tolerance: ,='TC FORM'!AR$23,,,,,,,,,,,,,,,,,,,,,,,,,,,S rng 3 ,"=IF(AND(X$21>1200,X$21<2000.1),$AN7,""0"")","=IF(AND(Y$21>1200,Y$21<2000.1),$AN7,""0"")","=IF(AND(Z$21>1200,Z$21<2000.1),$AN7,""0"")","=IF(AND(AA$21>1200,AA$21<2000.1),$AN7,""0"")","=IF(AND(AB$21>1200,AB$21<2000.1),$AN7,""0"")",S rng 3 ,"=IF(AND(X$21>1200,X$21<2000.1),$AT7,""0"")","=IF(AND(Y$21>1200,Y$21<2000.1),$AT7,""0"")","=IF(AND(Z$21>1200,Z$21<2000.1),$AT7,""0"")","=IF(AND(AA$21>1200,AA$21<2000.1),$AT7,""0"")","=IF(AND(AB$21>1200,AB$21<2000.1),$AT7,""0"")",S rng 3 ,"=IF(AND(X$21>1200,X$21<2000.1),$AZ7,""0"")","=IF(AND(Y$21>1200,Y$21<2000.1),$AZ7,""0"")","=IF(AND(Z$21>1200,Z$21<2000.1),$AZ7,""0"")","=IF(AND(AA$21>1200,AA$21<2000.1),$AZ7,""0"")","=IF(AND(AB$21>1200,AB$21<2000.1),$AZ7,""0"")",S rng 4 ,"=IF(AND(X$21>2000,X$21<2500.1),$BF7,""0"")","=IF(AND(Y$21>2000,Y$21<2500.1),$BF7,""0"")","=IF(AND(Z$21>2000,Z$21<2500.1),$BF7,""0"")","=IF(AND(AA$21>2000,AA$21<2500.1),$BF7,""0"")","=IF(AND(AB$21>2000,AB$21<2500.1),$BF7,""0"")",,,,,,,S rng 4 ,"=IF(AND(X$21>2000,X$21<2500.1),$BR7,""0"")","=IF(AND(Y$21>2000,Y$21<2500.1),$BR7,""0"")","=IF(AND(Z$21>2000,Z$21<2500.1),$BR7,""0"")","=IF(AND(AA$21>2000,AA$21<2500.1),$BR7,""0"")","=IF(AND(AB$21>2000,AB$21<2500.1),$BR7,""0"")",,,,,,,,,,,,,,,,,,,,,,,,,,,,
,Controlling Specification(s): ,='TC FORM'!AR$24,,,,Tolerance Source: ,='TC FORM'!G$49,,,,,,,,,,,,,,,raw uncerts,"=IF(CT!$D$7=""E"",X22,IF(CT!$D$7=""J"",X23,IF(CT!$D$7=""K"",X24,IF(CT!$D$7=""N"",X25,IF(CT!$D$7=""R"",X26,IF(CT!$D$7=""S"",X27,IF(CT!$D$7=""T"",X28,"""")))))))","=IF(CT!$D$7=""E"",Y22,IF(CT!$D$7=""J"",Y23,IF(CT!$D$7=""K"",Y24,IF(CT!$D$7=""N"",Y25,IF(CT!$D$7=""R"",Y26,IF(CT!$D$7=""S"",Y27,IF(CT!$D$7=""T"",Y28,"""")))))))","=IF(CT!$D$7=""E"",Z22,IF(CT!$D$7=""J"",Z23,IF(CT!$D$7=""K"",Z24,IF(CT!$D$7=""N"",Z25,IF(CT!$D$7=""R"",Z26,IF(CT!$D$7=""S"",Z27,IF(CT!$D$7=""T"",Z28,"""")))))))","=IF(CT!$D$7=""E"",AA22,IF(CT!$D$7=""J"",AA23,IF(CT!$D$7=""K"",AA24,IF(CT!$D$7=""N"",AA25,IF(CT!$D$7=""R"",AA26,IF(CT!$D$7=""S"",AA27,IF(CT!$D$7=""T"",AA28,"""")))))))","=IF(CT!$D$7=""E"",AB22,IF(CT!$D$7=""J"",AB23,IF(CT!$D$7=""K"",AB24,IF(CT!$D$7=""N"",AB25,IF(CT!$D$7=""R"",AB26,IF(CT!$D$7=""S"",AB27,IF(CT!$D$7=""T"",AB28,"""")))))))",,,,,,,S rng 4 ,"=IF(AND(X$21>2000,X$21<2192.1),$AN8,""0"")","=IF(AND(Y$21>2000,Y$21<2192.1),$AN8,""0"")","=IF(AND(Z$21>2000,Z$21<2192.1),$AN8,""0"")","=IF(AND(AA$21>2000,AA$21<2192.1),$AN8,""0"")","=IF(AND(AB$21>2000,AB$21<2192.1),$AN8,""0"")",S rng 4 ,"=IF(AND(X$21>2000,X$21<2500.1),$AT8,""0"")","=IF(AND(Y$21>2000,Y$21<2500.1),$AT8,""0"")","=IF(AND(Z$21>2000,Z$21<2500.1),$AT8,""0"")","=IF(AND(AA$21>2000,AA$21<2500.1),$AT8,""0"")","=IF(AND(AB$21>2000,AB$21<2500.1),$AT8,""0"")",S rng 4 ,"=IF(AND(X$21>2000,X$21<2372.1),$AZ8,""0"")","=IF(AND(Y$21>2000,Y$21<2372.1),$AZ8,""0"")","=IF(AND(Z$21>2000,Z$21<2372.1),$AZ8,""0"")","=IF(AND(AA$21>2000,AA$21<2372.1),$AZ8,""0"")","=IF(AND(AB$21>2000,AB$21<2372.1),$AZ8,""0"")",Sref Rng 1,"=IF(AND(X$21>31.9,X$21<392.1),$BL2,""0"")","=IF(AND(Y$21>31.9,Y$21<392.1),$BL2,""0"")","=IF(AND(Z$21>31.9,Z$21<392.1),$BL2,""0"")","=IF(AND(AA$21>31.9,AA$21<392.1),$BL2,""0"")","=IF(AND(AB$21>31.9,AB$21<392.1),$BL2,""0"")",,,,,,,Sref Rng 1,"=IF(AND(X$21>31.9,X$21<392.1),$BX2,""0"")","=IF(AND(Y$21>31.9,Y$21<392.1),$BX2,""0"")","=IF(AND(Z$21>31.9,Z$21<392.1),$BX2,""0"")","=IF(AND(AA$21>31.9,AA$21<392.1),$BX2,""0"")","=IF(AND(AB$21>31.9,AB$21<392.1),$BX2,""0"")",,,,,,,,,,,,,,,,,,,,,,,,,,,,
,,,,,,Condition of Item: ,='TC FORM'!B$34,,,,,,,,,,,,,,,,"=IF(CT!$E$3="""",CT!$D$3,CT!$E$3)",=CT!$M$3,=CT!$U$3,=CT!$AC$3,=CT!$AK$3,,,,,,,,,,,,,,,,,,,,,,,,,Sref Rng 2,"=IF(AND(X$21>392,X$21<1200.1),$BL3,""0"")","=IF(AND(Y$21>392,Y$21<1200.1),$BL3,""0"")","=IF(AND(Z$21>392,Z$21<1200.1),$BL3,""0"")","=IF(AND(AA$21>392,AA$21<1200.1),$BL3,""0"")","=IF(AND(AB$21>392,AB$21<1200.1),$BL3,""0"")",,,,,,,Sref Rng 2,"=IF(AND(X$21>392,X$21<1200.1),$BX3,""0"")","=IF(AND(Y$21>392,Y$21<1200.1),$BX3,""0"")","=IF(AND(Z$21>392,Z$21<1200.1),$BX3,""0"")","=IF(AND(AA$21>392,AA$21<1200.1),$BX3,""0"")","=IF(AND(AB$21>392,AB$21<1200.1),$BX3,""0"")",,,,,,,,,,,,,,,,,,,,,,,,,,,,
,,,,,,,,,,,,,,,,,,,,,,,,,,,,,,,,,,,,,,,,,,,,,,,,,,,,Sref Rng 3,"=IF(AND(X$21>1200,X$21<2000.1),$BL4,""0"")","=IF(AND(Y$21>1200,Y$21<2000.1),$BL4,""0"")","=IF(AND(Z$21>1200,Z$21<2000.1),$BL4,""0"")","=IF(AND(AA$21>1200,AA$21<2000.1),$BL4,""0"")","=IF(AND(AB$21>1200,AB$21<2000.1),$BL4,""0"")",,,,,,,Sref Rng 3,"=IF(AND(X$21>1200,X$21<2000.1),$BX4,""0"")","=IF(AND(Y$21>1200,Y$21<2000.1),$BX4,""0"")","=IF(AND(Z$21>1200,Z$21<2000.1),$BX4,""0"")","=IF(AND(AA$21>1200,AA$21<2000.1),$BX4,""0"")","=IF(AND(AB$21>1200,AB$21<2000.1),$BX4,""0"")",,,,,,,,,,,,,,,,,,,,,,,,,,,,
Uncertainty @k=2 ,,=X20,,=Y20,,=Z20,"=IF(AA20="""","""",AA20)",=AB20,,,,,,,,,,,,,,Uncerts ,"=IF(X17=0,"""",ROUND(X17,2-(1+INT(LOG10(ABS(X17))))))","=IF(Y17=0,"""",ROUND(Y17,2-(1+INT(LOG10(ABS(Y17))))))","=IF(Z17=0,"""",ROUND(Z17,2-(1+INT(LOG10(ABS(Z17))))))","=IF(AA17=0,"""",ROUND(AA17,2-(1+INT(LOG10(ABS(AA17))))))","=IF(AB17=0,"""",ROUND(AB17,2-(1+INT(LOG10(ABS(AB17))))))",,,,,,,,,,,,,,,,,,,,,,,,,Sref Rng 4,"=IF(AND(X$21>2000,X$21<2500.1),$BL5,""0"")","=IF(AND(Y$21>2000,Y$21<2500.1),$BL5,""0"")","=IF(AND(Z$21>2000,Z$21<2500.1),$BL5,""0"")","=IF(AND(AA$21>2000,AA$21<2500.1),$BL5,""0"")","=IF(AND(AB$21>2000,AB$21<2500.1),$BL5,""0"")",,,,,,,Sref Rng 4,"=IF(AND(X$21>2000,X$21<2500.1),$BX5,""0"")","=IF(AND(Y$21>2000,Y$21<2500.1),$BX5,""0"")","=IF(AND(Z$21>2000,Z$21<2500.1),$BX5,""0"")","=IF(AND(AA$21>2000,AA$21<2500.1),$BX5,""0"")","=IF(AND(AB$21>2000,AB$21<2500.1),$BX5,""0"")",,,,,,,,,,,,,,,,,,,,,,,,,,,,
Test Temperatures ,,='TC FORM'!D10,,='TC FORM'!E10,,='TC FORM'!F10,='TC FORM'!G10,='TC FORM'!H10,,,,,,,,,,,,,,Test Temps ,='TC FORM'!$D$10,='TC FORM'!$E$10,='TC FORM'!$F$10,='TC FORM'!$G$10,='TC FORM'!$H$10,,,,,,,,,,,,,,,,,,,,,,,,,,,,,,,,,,,,,,,,,,,,,,,,,,,,,,,,,,,,,,,,,,,,,,
"=IF('TC FORM'!B11="""","""",'TC FORM'!B11)",Beginning,"=IF('TC FORM'!D651="""","""",'TC FORM'!D651)",,"=IF('TC FORM'!E651="""","""",'TC FORM'!E651)",,"=IF('TC FORM'!F651="""","""",'TC FORM'!F651)","=IF('TC FORM'!G651="""","""",'TC FORM'!G651)","=IF('TC FORM'!H651="""","""",'TC FORM'!H651)",,,,,,,,,,,,,,E,"=IF(X18=""PRT"",AD$8,AD$9)","=IF(Y18=""PRT"",AE$8,AE$9)","=IF(Z18=""PRT"",AF$8,AF$9)","=IF(AA18=""PRT"",AG$8,AG$9)","=IF(AB18=""PRT"",AH$8,AH$9)",,,,,,,,,,,,,,,,,,,,,,,,,,,,,,,,,,,,,,,,,,,,,,,,,,,,,,,,,,,,,,,,,,,,,,
,End,"=IF('TC FORM'!D652="""","""",'TC FORM'!D652)",,"=IF('TC FORM'!E652="""","""",'TC FORM'!E652)",,"=IF('TC FORM'!F652="""","""",'TC FORM'!F652)","=IF('TC FORM'!G652="""","""",'TC FORM'!G652)","=IF('TC FORM'!H652="""","""",'TC FORM'!H652)",,,,,,,,,,,,,,J,"=IF(X18=""PRT"",AJ$9,AJ$10)","=IF(Y18=""PRT"",AK$9,AK$10)","=IF(Z18=""PRT"",AL$9,AL$10)","=IF(AA$18=""PRT"",AM$9,AM$10)","=IF(AB$18=""PRT"",AN$9,AN$10)",,,,,,,,,,,,,,,,,,,,,,,,,,,,,,,,,,,,,,,,,,,,,,,,,,,,,,,,,,,,,,,,,,,,,,
,C.F.,"=IF('TC FORM'!D653="""","""",'TC FORM'!D653)",,"=IF('TC FORM'!E653="""","""",'TC FORM'!E653)",,"=IF('TC FORM'!F653="""","""",'TC FORM'!F653)","=IF('TC FORM'!G653="""","""",'TC FORM'!G653)","=IF('TC FORM'!H653="""","""",'TC FORM'!H653)",,,,,,,,,,,,,,K,"=IF(X18=""PRT"",AP$9,AP$10)","=IF(Y$18=""PRT"",AQ$9,AQ$10)","=IF(Z$18=""PRT"",AR$9,AR$10)","=IF(AA18=""PRT"",AS$9,AS$10)","=IF(AB18=""PRT"",AT$9,AT$10)",,Item,Range,Meas Units,Uncert Units,Base ,,Item,Range,Meas Units,Uncert Units,Base ,,Item,Range,Meas Units,Uncert Units,Base ,,Item,Range,Meas Units,Uncert Units,Base ,,Item,Range,Meas Units,Uncert Units,Base ,,Item,Range,Meas Units,Uncert Units,Base ,,Item,Range,Meas Units,Uncert Units,Base ,,Item,Range,Meas Units,Uncert Units,Base ,,Item,Range,Meas Units,Uncert Units,Base ,,,,,,,,,,,,,,,,
"=IF('TC FORM'!B14="""","""",'TC FORM'!B14)",,,,,,,,,,,,,,,,,,,,,,N,"=IF(X18=""PRT"",AV$9,AV$10)","=IF(Y18=""PRT"",AW$9,AW$10)","=IF(Z18=""PRT"",AX$9,AX$10)","=IF(AA18=""PRT"",AY$9,AY$10)","=IF(AB18=""PRT"",AZ$9,AZ$10)",,=AD2,=AE2,=AF2,=AG2,=AH2,,=AJ2,=AK2,=AL2,=AM2,=AN2,,=AP2,=AQ2,=AR2,=AS2,=AT2,,=AV2,=AW2,=AX2,=AY2,=AZ2,,=BB2,=BC2,=BD2,=BE2,=BF2,,=BH2,=BI2,=BJ2,=BK2,=BL2,,=BN2,=BO2,=BP2,=BQ2,=BR2,,=BT2,=BU2,=BV2,=BW2,=BX2,,=BZ2,=CA2,=CB2,=CC2,=CD2,,,,,,,,,,,,,,,,
,"=IF('TC FORM'!C15="""","""",'TC FORM'!C15)",=X33,,=Y33,,=Z33,=AA33,=AB33,,,,,,,,,,,,,,R,"=IF(X18=""PRT"",BB$8,IF(X18=""ST7"",BB$10,BB$9))","=IF(Y18=""PRT"",BC$8,IF(Y18=""ST7"",BC$10,BC$9))","=IF(Z18=""PRT"",BD8,IF(Z18=""ST7"",BD$10,BD$9))","=IF(AA18=""PRT"",BE$8,IF(AA18=""ST7"",BE$10,BE$9))","=IF(AB18=""PRT"",BF$8,IF(AB18=""ST7"",BF$10,BF$9))",,=AD3,=AE3,=AF3,=AG3,=AH3,,=AJ3,=AK3,=AL3,=AM3,=AN3,,=AP3,=AQ3,=AR3,=AS3,=AT3,,=AV3,=AW3,=AX3,=AY3,=AZ3,,=BB3,=BC3,=BD3,=BE3,=BF3,,=BH3,=BI3,=BJ3,=BK3,=BL3,,=BN3,=BO3,=BP3,=BQ3,=BR3,,=BT3,=BU3,=BV3,=BW3,=BX3,,=BZ3,=CA3,=CB3,=CC3,=CD3,,,,,,,,,,,,,,,,
,,"=IF('TC FORM'!D656="""","""",'TC FORM'!D656)",,"=IF('TC FORM'!E656="""","""",'TC FORM'!E656)",,"=IF('TC FORM'!F656="""","""",'TC FORM'!F656)","=IF('TC FORM'!G656="""","""",'TC FORM'!G656)","=IF('TC FORM'!H656="""","""",'TC FORM'!H656)",,,,,,,,,,,,,,S,"=IF(X18=""PRT"",BN$8,IF(X18=""ST7"",BN$10,BN$9))","=IF(Y18=""PRT"",BO$8,IF(Y18=""ST7"",BO$10,BO$9))","=IF(Z18=""PRT"",BP$8,IF(Z18=""ST7"",BP$10,BP$9))","=IF(AA18=""PRT"",BQ$8,IF(AA18=""ST7"",BQ$10,BQ$9))","=IF(AB18=""PRT"",BR$8,IF(AB18=""ST7"",BR$10,BR$9))",,=AD4,=AE4,=AF4,=AG4,=AH4,,=AJ4,=AK4,=AL4,=AM4,=AN4,,=AP4,=AQ4,=AR4,=AS4,=AT4,,=AV4,=AW4,=AX4,=AY4,=AZ4,,=BB4,=BC4,=BD4,=BE4,=BF4,,=BH4,=BI4,=BJ4,=BK4,=BL4,,=BN4,=BO4,=BP4,=BQ4,=BR4,,=BT4,=BU4,=BV4,=BW4,=BX4,,=BZ4,=CA4,=CB4,=CC4,=CD4,,,,,,,,,,,,,,,,
"=IF('TC FORM'!B17="""","""",'TC FORM'!B17)","=IF('TC FORM'!C658="""","""",'TC FORM'!C658)","=IF('TC FORM'!D658="""","""",'TC FORM'!D658)",,"=IF('TC FORM'!E658="""","""",'TC FORM'!E658)",,"=IF('TC FORM'!F658="""","""",'TC FORM'!F658)","=IF('TC FORM'!G658="""","""",'TC FORM'!G658)","=IF('TC FORM'!H658="""","""",'TC FORM'!H658)",,,,,,,,,,,,,,T,"=IF(X18=""PRT"",BZ$7,BZ$8)","=IF(Y18=""PRT"",CA$7,CA$8)","=IF(Z18=""PRT"",CB$7,CB$8)","=IF(AA18=""PRT"",CC$7,CC$8)","=IF(AB18=""PRT"",CD$7,CD$8)",,=AD5,=AE5,=AF5,=AG5,=AH5,,=AJ5,=AK5,=AL5,=AM5,=AN5,,=AP5,=AQ5,=AR5,=AS5,=AT5,,=AV5,=AW5,=AX5,=AY5,=AZ5,,=BB5,=BC5,=BD5,=BE5,=BF5,,=BH5,=BI5,=BJ5,=BK5,=BL5,,=BN5,=BO5,=BP5,=BQ5,=BR5,,=BT5,=BU5,=BV5,=BW5,=BX5,,=BZ5,=CA5,=CB5,=CC5,=CD5,,,,,,,,,,,,,,,,
,"=IF('TC FORM'!C659="""","""",'TC FORM'!C659)","=IF('TC FORM'!D659="""","""",'TC FORM'!D659)",,"=IF('TC FORM'!E659="""","""",'TC FORM'!E659)",,"=IF('TC FORM'!F659="""","""",'TC FORM'!F659)","=IF('TC FORM'!G659="""","""",'TC FORM'!G659)","=IF('TC FORM'!H659="""","""",'TC FORM'!H659)",,,,,,,,,,,,,,,,,,,,,=AD6,=AE6,=AF6,=AG6,=AH6,,=AJ6,=AK6,=AL6,=AM6,=AN6,,=AP6,=AQ6,=AR6,=AS6,=AT6,,=AV6,=AW6,=AX6,=AY6,=AZ6,,=BB6,=BC6,=BD6,=BE6,=BF6,,,,,,,,=BN6,=BO6,=BP6,=BQ6,=BR6,,,,,,,,=BZ6,=CA6,=CB6,=CC6,=CD6,,,,,,,,,,,,,,,,
,"=IF('TC FORM'!C660="""","""",'TC FORM'!C660)","=IF('TC FORM'!D660="""","""",'TC FORM'!D660)",,"=IF('TC FORM'!E660="""","""",'TC FORM'!E660)",,"=IF('TC FORM'!F660="""","""",'TC FORM'!F660)","=IF('TC FORM'!G660="""","""",'TC FORM'!G660)","=IF('TC FORM'!H660="""","""",'TC FORM'!H660)",,,,,,,,,,,,,,raw uncerts,"=IF(CT!$D$7=""E"",X35,IF(CT!$D$7=""J"",X36,IF(CT!$D$7=""K"",X37,IF(CT!$D$7=""N"",X38,IF(CT!$D$7=""R"",X39,IF(CT!$D$7=""S"",X40,IF(CT!$D$7=""T"",X41,"""")))))))","=IF(CT!$D$7=""E"",Y35,IF(CT!$D$7=""J"",Y36,IF(CT!$D$7=""K"",Y37,IF(CT!$D$7=""N"",Y38,IF(CT!$D$7=""R"",Y39,IF(CT!$D$7=""S"",Y40,IF(CT!$D$7=""T"",Y41,"""")))))))","=IF(CT!$D$7=""E"",Z35,IF(CT!$D$7=""J"",Z36,IF(CT!$D$7=""K"",Z37,IF(CT!$D$7=""N"",Z38,IF(CT!$D$7=""R"",Z39,IF(CT!$D$7=""S"",Z40,IF(CT!$D$7=""T"",Z41,"""")))))))","=IF(CT!$D$7=""E"",AA35,IF(CT!$D$7=""J"",AA36,IF(CT!$D$7=""K"",AA37,IF(CT!$D$7=""N"",AA38,IF(CT!$D$7=""R"",AA39,IF(CT!$D$7=""S"",AA40,IF(CT!$D$7=""T"",AA41,"""")))))))","=IF(CT!$D$7=""E"",AB35,IF(CT!$D$7=""J"",AB36,IF(CT!$D$7=""K"",AB37,IF(CT!$D$7=""N"",AB38,IF(CT!$D$7=""R"",AB39,IF(CT!$D$7=""S"",AB40,IF(CT!$D$7=""T"",AB41,"""")))))))",,=AD7,=AE7,=AF7,=AG7,=AH7,,=AJ7,=AK7,=AL7,=AM7,=AN7,,=AP7,=AQ7,=AR7,=AS7,=AT7,,=AV7,=AW7,=AX7,=AY7,=AZ7,,=BB7,=BC7,=BD7,=BE7,=BF7,,,,,,,,=BN7,=BO7,=BP7,=BQ7,=BR7,,,,,,,PRT ,=MAX(BZ32:BZ34),=MAX(CA32:CA34),=MAX(CB32:CB34),=MAX(CC32:CC34),=MAX(CD32:CD34),,,,,,,,,,,,,,,,
"=IF('TC FORM'!B20="""","""",'TC FORM'!B20)",,"=IF('TC FORM'!D20="""","""",'TC FORM'!D20)",,"=IF('TC FORM'!E20="""","""",'TC FORM'!E20)",,"=IF('TC FORM'!F20="""","""",'TC FORM'!F20)","=IF('TC FORM'!G20="""","""",'TC FORM'!G20)","=IF('TC FORM'!H20="""","""",'TC FORM'!H20)",,,,,,,,,,,,,,,=CT!AS3,=CT!$BA$3,=CT!$BI$3,=CT!$BQ$3,=CT!$BY$3,=AC8,=MAX(AD33:AD35),=AE8,=AF8,=AG8,=AH8,,=AJ8,=AK8,=AL8,=AM8,=AN8,,=AP8,=AQ8,=AR8,=AS8,=AT8,,=AV8,=AW8,=AX8,=AY8,=AZ8,,=BB8,=BC8,=BD8,=BE8,=BF8,,,,,,,PRT ,=MAX(BN34:BN35),=MAX(BO34:BO35),=MAX(BP34:BP35),=MAX(BQ34:BQ35),3.2,,,,,,,S ,=MAX(BZ35:BZ36),=MAX(CA35:CA36),=MAX(CB35:CB36),=MAX(CC35:CC36),=MAX(CD35:CD36),,,,,,,,,,,,,,,,
,"=IF('TC FORM'!C21="""","""",'TC FORM'!C21)","=IF('TC FORM'!D21="""","""",'TC FORM'!D21)",,"=IF('TC FORM'!E21="""","""",'TC FORM'!E21)",,"=IF('TC FORM'!F21="""","""",'TC FORM'!F21)","=IF('TC FORM'!G21="""","""",'TC FORM'!G21)","=IF('TC FORM'!H21="""","""",'TC FORM'!H21)",,,,,,,,,,,,,,,,,,,,=AC9,=MAX(AD36:AD38),=MAX(AE36:AE38),=MAX(AF36:AF38),=MAX(AG36:AG38),=MAX(AH36:AH38),PRT ,=MAX(AJ34:AJ36),=MAX(AK34:AK36),=MAX(AL34:AL36),=MAX(AM34:AM36),=MAX(AN34:AN36),PRT ,=MAX(AP34:AP36),=MAX(AQ34:AQ36),=MAX(AR34:AR36),=MAX(AS34:AS36),=MAX(AT34:AT36),PRT ,=MAX(AV34:AV36),=MAX(AW34:AW36),=MAX(AX34:AX36),=MAX(AY34:AY36),=MAX(AZ34:AZ36),PRT ,=MAX(BB35:BB36),=MAX(BC35:BC36),=MAX(BD35:BD36),=MAX(BE35:BE36),=MAX(BF35:BF36),,,,,,,S std,=MAX(BN36:BN39),=MAX(BO36:BO39),=MAX(BP36:BP39),=MAX(BQ36:BQ39),=MAX(BR36:BR39),,,,,,,PRT rng 1,"=IF(AND(X$34>-111.9,X$34<-21.9),CD25,""0"")","=IF(AND(Y$34>-111.9,Y$34<-21.9),CE25,""0"")","=IF(AND(Z$34>-111.9,Z$34<-21.9),CF25,""0"")","=IF(AND(AA$34>-111.9,AA$34<-21.9),CG25,""0"")","=IF(AND(AB$34>-111.9,AB$34<-21.9),CH25,""0"")",,,,,,,,,,,,,,,,
,,,,,,,,,,,,,,,,,,,,,,Uncerts ,"=IF(X30=0,"""",ROUND(X30,2-(1+INT(LOG10(ABS(X30))))))","=IF(Y30=0,"""",ROUND(Y30,2-(1+INT(LOG10(ABS(Y30))))))","=IF(Z30=0,"""",ROUND(Z30,2-(1+INT(LOG10(ABS(Z30))))))","=IF(AA30=0,"""",ROUND(AA30,2-(1+INT(LOG10(ABS(AA30))))))","=IF(AB30=0,"""",ROUND(AB30,2-(1+INT(LOG10(ABS(AB30))))))",=AC10,"=IF(AND(X$34>-111.9,X$34<-21.9),$AH25,""0"")","=IF(AND(Y$34>-111.9,Y$34<-21.9),$AH25,""0"")","=IF(AND(Z$34>-111.9,Z$34<-21.9),$AH25,""0"")","=IF(AND(AA$34>-111.9,AA$34<-21.9),$AH25,""0"")","=IF(AND(AB$34>-111.9,AB$34<-21.9),$AH25,""0"")",S ,=MAX(AJ37:AJ40),=MAX(AK37:AK40),=MAX(AL37:AL40),=MAX(AM37:AM40),=MAX(AN37:AN40),S ,=MAX(AP37:AP40),=MAX(AQ37:AQ40),=MAX(AR37:AR40),=MAX(AS37:AS40),=MAX(AT37:AT40),S ,=MAX(AV37:AV40),=MAX(AW37:AW40),=MAX(AX37:AX40),=MAX(AY37:AY40),=MAX(AZ37:AZ40),S std,=MAX(BB37:BB40),=MAX(BC37:BC40),=MAX(BD37:BD40),=MAX(BE37:BE40),=MAX(BF37:BF40),,,,,,,S ref ,=MAX(BN40:BN43),=MAX(BO40:BO43),=MAX(BP40:BP43),=MAX(BQ40:BQ43),=MAX(BR40:BR43),,,,,,,PRT rng 2,"=IF(AND(X$34>-22,X$34<392.1),$CD26,""0"")","=IF(AND(Y$34>-22,Y$34<392.1),$CD26,""0"")","=IF(AND(Z$34>-22,Z$34<392.1),$CD26,""0"")","=IF(AND(AA$34>-22,AA$34<392.1),$CD26,""0"")","=IF(AND(AB$34>-22,AB$34<392.1),$CD26,""0"")",,,,,,,,,,,,,,,,
"=IF('TC FORM'!B23="""","""",'TC FORM'!B23)",,"=IF('TC FORM'!D23="""","""",'TC FORM'!D23)",,"=IF('TC FORM'!E23="""","""",'TC FORM'!E23)",,"=IF('TC FORM'!F23="""","""",'TC FORM'!F23)","=IF('TC FORM'!G23="""","""",'TC FORM'!G23)","=IF('TC FORM'!H23="""","""",'TC FORM'!H23)",,,,,,,,,,,,,,Test Temps ,='TC FORM'!$D$656,='TC FORM'!$E$656,='TC FORM'!$F$656,='TC FORM'!$G$656,='TC FORM'!$H$656,=AC11,"=IF(AND(X$34>-22,X$34<392.1),$AH26,""0"")","=IF(AND(Y$34>-22,Y$34<392.1),$AH26,""0"")","=IF(AND(Z$34>-22,Z$34<392.1),$AH26,""0"")","=IF(AND(AA$34>-22,AA$34<392.1),$AH26,""0"")","=IF(AND(AB$34>-22,AB$34<392.1),$AH26,""0"")",PRT rng 1,"=IF(AND(X34>-111.9,X34<-21.9),$AN25,""0"")","=IF(AND(Y34>-111.9,Y34<-21.9),$AN25,""0"")","=IF(AND(Z34>-111.9,Z34<-21.9),$AN25,""0"")","=IF(AND(AA34>-111.9,AA34<-21.9),$AN25,""0"")","=IF(AND(AB34>-111.9,AB34<-21.9),$AN25,""0"")",PRT rng 1,"=IF(AND(X$34>-111.9,X$34<-21.9),$AT25,""0"")","=IF(AND(Y$34>-111.9,Y$34<-21.9),$AT25,""0"")","=IF(AND(Z$34>-111.9,Z$34<-21.9),$AT25,""0"")","=IF(AND(AA$34>-111.9,AA$34<-21.9),$AT25,""0"")","=IF(AND(AB$34>-111.9,AB$34<-21.9),$AT25,""0"")",PRT rng 1,"=IF(AND(X$34>-111.9,X$34<-21.9),$AZ25,""0"")","=IF(AND(Y$34>-111.9,Y$34<-21.9),$AZ25,""0"")","=IF(AND(Z$34>-111.9,Z$34<-21.9),$AZ25,""0"")","=IF(AND(AA$34>-111.9,AA$34<-21.9),$AZ25,""0"")","=IF(AND(AB$34>-111.9,AB$34<-21.9),$AZ25,""0"")",S ref ,=MAX(BB41:BB44),=MAX(BC41:BC44),=MAX(BD41:BD44),=MAX(BE41:BE44),=MAX(BF41:BF44),,,,,,,PRT rng 1,"=IF(AND(X$34>31.9,X$34<392.1),$BR25,""0"")","=IF(AND(Y$34>31.9,Y$34<392.1),$BR25,""0"")","=IF(AND(Z$34>31.9,Z$34<392.1),$BR25,""0"")","=IF(AND(AA$34>31.9,AA$34<392.1),$BR25,""0"")","=IF(AND(AB$34>31.9,AB$34<392.1),$BR25,""0"")",,,,,,,PRT rng 3,"=IF(AND(X$34>392,X$34<752.1),$CD27,""0"")","=IF(AND(Y$34>392,Y$34<752.1),$CD27,""0"")","=IF(AND(Z$34>392,Z$34<752.1),$CD27,""0"")","=IF(AND(AA$34>392,AA$34<752.1),$CD27,""0"")","=IF(AND(AB$34>392,AB$34<752.1),$CD27,""0"")",,,,,,,,,,,,,,,,
,"=IF('TC FORM'!C24="""","""",'TC FORM'!C24)","=IF('TC FORM'!D24="""","""",'TC FORM'!D24)",,"=IF('TC FORM'!E24="""","""",'TC FORM'!E24)",,"=IF('TC FORM'!F24="""","""",'TC FORM'!F24)","=IF('TC FORM'!G24="""","""",'TC FORM'!G24)","=IF('TC FORM'!H24="""","""",'TC FORM'!H24)",,,,,,,,,,,,,,E,"=IF(X$31=""PRT"",AD$31,AD$32)","=IF(Y31=""PRT"",AE$31,AE$32)","=IF(Z31=""PRT"",AF$31,AF$32)","=IF(AA31=""PRT"",AG$31,AG$32)","=IF(AB31=""PRT"",AH$31,AH$32)",=AC12,"=IF(AND(X$34>392,X$34<752.1),$AH27,""0"")","=IF(AND(Y$34>-392,Y$34<752.1),$AH27,""0"")","=IF(AND(Z$34>-392,Z$34<752.1),$AH27,""0"")","=IF(AND(AA$34>-392,AA$34<752.1),$AH27,""0"")","=IF(AND(AB$34>-392,AB$34<752.1),$AH27,""0"")",PRT rng 2,"=IF(AND(X$34>-22,X34<392.1),$AN26,""0"")","=IF(AND(Y$34>-22,Y34<392.1),$AN26,""0"")","=IF(AND(Z$34>-22,Z34<392.1),$AN26,""0"")","=IF(AND(AA$34>-22,AA34<392.1),$AN26,""0"")","=IF(AND(AB$34>-22,AB34<392.1),$AN26,""0"")",PRT rng 2,"=IF(AND(X$34>-22,X$34<392.1),$AT26,""0"")","=IF(AND(Y$34>-22,Y$34<392.1),$AT26,""0"")","=IF(AND(Z$34>-22,Z$34<392.1),$AT26,""0"")","=IF(AND(AA$34>-22,AA$34<392.1),$AT26,""0"")","=IF(AND(AB$34>-22,AB$34<392.1),$AT26,""0"")",PRT rng 2,"=IF(AND(X$34>-22,X$34<392.1),$AZ26,""0"")","=IF(AND(Y$34>-22,Y$34<392.1),$AZ26,""0"")","=IF(AND(Z$34>-22,Z$34<392.1),$AZ26,""0"")","=IF(AND(AA$34>-22,AA$34<392.1),$AZ26,""0"")","=IF(AND(AB$34>-22,AB$34<392.1),$AZ26,""0"")",PRT rng 1,"=IF(AND(X$34>31.9,X$34<392.1),$BF25,""0"")","=IF(AND(Y$34>31.9,Y$34<392.1),$BF25,""0"")","=IF(AND(Z$34>31.9,Z$34<392.1),$BF25,""0"")","=IF(AND(AA$34>31.9,AA$34<392.1),$BF25,""0"")","=IF(AND(AB$34>31.9,AB$34<392.1),$BF25,""0"")",,,,,,,PRT rng 2,"=IF(AND(X$34>392,X$34<752.1),$BR26,""0"")","=IF(AND(Y$34>392,Y$34<752.1),$BR26,""0"")","=IF(AND(Z$34>392,Z$34<752.1),$BR26,""0"")","=IF(AND(AA$34>392,AA$34<752.1),$BR26,""0"")","=IF(AND(AB$34>392,AB$34<752.1),$BR26,""0"")",,,,,,,S rng 1 ,"=IF(AND(X$34>31.9,X$34<392.1),$CD28,""0"")","=IF(AND(Y$34>31.9,Y$34<392.1),$CD28,""0"")","=IF(AND(Z$34>31.9,Z$34<392.1),$CD28,""0"")","=IF(AND(AA$34>31.9,AA$34<392.1),$CD28,""0"")","=IF(AND(AB$34>31.9,AB$34<392.1),$CD28,""0"")",,,,,,,,,,,,,,,,
,,,,,,,,,,,,,,,,,,,,,,J,"=IF(X$31=""PRT"",AJ$32,AJ$33)","=IF(Y$31=""PRT"",AK$32,AK$33)","=IF(Z$31=""PRT"",AL$32,AL$33)","=IF(AA$31=""PRT"",AM$32,AM$33)","=IF(AB$31=""PRT"",AN$32,AN$33)",=AC13,"=IF(AND(X34>31.9,X34<392.1),$AH28,""0"")","=IF(AND(Y34>31.9,Y34<392.1),$AH28,""0"")","=IF(AND(Z34>31.9,Z34<392.1),$AH28,""0"")","=IF(AND(AA34>31.9,AA34<392.1),$AH28,""0"")","=IF(AND(AB34>31.9,AB34<392.1),$AH28,""0"")",PRT rng 3,"=IF(AND(X34>392,X34<752.1),$AN27,""0"")","=IF(AND(Y34>392,Y34<752.1),$AN27,""0"")","=IF(AND(Z34>392,Z34<752.1),$AN27,""0"")","=IF(AND(AA34>392,AA34<752.1),$AN27,""0"")","=IF(AND(AB34>392,AB34<752.1),$AN27,""0"")",PRT rng 3,"=IF(AND(X$34>392,X$34<752.1),$AT27,""0"")","=IF(AND(Y$34>392,Y$34<752.1),$AT27,""0"")","=IF(AND(Z$34>392,Z$34<752.1),$AT27,""0"")","=IF(AND(AA$34>392,AA$34<752.1),$AT27,""0"")","=IF(AND(AB$34>392,AB$34<752.1),$AT27,""0"")",PRT rng 3,"=IF(AND(X$34>392,X$34<752.1),$AZ27,""0"")","=IF(AND(Y$34>392,Y$34<752.1),$AZ27,""0"")","=IF(AND(Z$34>392,Z$34<752.1),$AZ27,""0"")","=IF(AND(AA$34>392,AA$34<752.1),$AZ27,""0"")","=IF(AND(AB$34>392,AB$34<752.1),$AZ27,""0"")",PRT rng 2,"=IF(AND(X$34>392,X$34<752.1),$BF26,""0"")","=IF(AND(Y$34>392,Y$34<752.1),$BF26,""0"")","=IF(AND(Z$34>392,Z$34<752.1),$BF26,""0"")","=IF(AND(AA$34>392,AA$34<752.1),$BF26,""0"")","=IF(AND(AB$34>392,AB$34<752.1),$BF26,""0"")",,,,,,,S rng 1 ,"=IF(AND(X$34>31.9,X$34<392.1),$BR27,""0"")","=IF(AND(Y$34>31.9,Y$34<392.1),$BR27,""0"")","=IF(AND(Z$34>31.9,Z$34<392.1),$BR27,""0"")","=IF(AND(AA$34>31.9,AA$34<392.1),$BR27,""0"")","=IF(AND(AB$34>31.9,AB$34<392.1),$BR27,""0"")",,,,,,,S rng 2 ,"=IF(AND(X$34>392,X$34<752.1),$CD29,""0"")","=IF(AND(Y$34>392,Y$34<752.1),$CD29,""0"")","=IF(AND(Z$34>392,Z$34<752.1),$CD29,""0"")","=IF(AND(AA$34>392,AA$34<752.1),$CD29,""0"")","=IF(AND(AB$34>392,AB$34<752.1),$CD29,""0"")",,,,,,,,,,,,,,,,
"The JGI quality system governing this calibration/inspection is based upon and maintained in compliance with quality specifications ISO/IEC 17025, ANSI/NCSL Z540-1 and ISO 10012.",,,,,,,,,,,,,,,,,,,,,,K,"=IF(X31=""PRT"",AP$32,AP$33)","=IF(Y31=""PRT"",AQ$32,AQ$33)","=IF(Z31=""PRT"",AR$32,AR$33)","=IF(AA31=""PRT"",AS$32,AS$33)","=IF(AB31=""PRT"",AT$32,AT$33)",=AC14,"=IF(AND(X34>392,X34<1200.1),$AH29,""0"")","=IF(AND(Y34>392,Y34<1200.1),$AH29,""0"")","=IF(AND(Z34>392,Z34<1200.1),$AH29,""0"")","=IF(AND(AA34>392,AA34<1200.1),$AH29,""0"")","=IF(AND(AB34>392,AB34<1200.1),$AH29,""0"")",S rng 1 ,"=IF(AND(X34>31.9,X34<392.1),$AN28,""0"")","=IF(AND(Y34>31.9,Y34<392.1),$AN28,""0"")","=IF(AND(Z34>31.9,Z34<392.1),$AN28,""0"")","=IF(AND(AA34>31.9,AA34<392.1),$AN28,""0"")","=IF(AND(AB34>31.9,AB34<392.1),$AN28,""0"")",S rng 1 ,"=IF(AND(X$34>31.9,X$34<392.1),$AT28,""0"")","=IF(AND(Y$34>31.9,Y$34<392.1),$AT28,""0"")","=IF(AND(Z$34>31.9,Z$34<392.1),$AT28,""0"")","=IF(AND(AA$34>31.9,AA$34<392.1),$AT28,""0"")","=IF(AND(AB$34>31.9,AB$34<392.1),$AT28,""0"")",S rng 1 ,"=IF(AND(X$34>31.9,X$34<392.1),$AZ28,""0"")","=IF(AND(Y$34>31.9,Y$34<392.1),$AZ28,""0"")","=IF(AND(Z$34>31.9,Z$34<392.1),$AZ28,""0"")","=IF(AND(AA$34>31.9,AA$34<392.1),$AZ28,""0"")","=IF(AND(AB$34>31.9,AB$34<392.1),$AZ28,""0"")",S rng 1 ,"=IF(AND(X$34>31.9,X$34<392.1),$BF27,""0"")","=IF(AND(Y$34>31.9,Y$34<392.1),$BF27,""0"")","=IF(AND(Z$34>31.9,Z$34<392.1),$BF27,""0"")","=IF(AND(AA$34>31.9,AA$34<392.1),$BF27,""0"")","=IF(AND(AB$34>31.9,AB$34<392.1),$BF27,""0"")",,,,,,,S rng 2 ,"=IF(AND(X$34>392,X$34<1200.1),$BR28,""0"")","=IF(AND(Y$34>392,Y$34<1200.1),$BR28,""0"")","=IF(AND(Z$34>392,Z$34<1200.1),$BR28,""0"")","=IF(AND(AA$34>392,AA$34<1200.1),$BR28,""0"")","=IF(AND(AB$34>392,AB$34<1200.1),$BR28,""0"")",,,,,,,,,,,,,,,,,,,,,,,,,,,,
,,,,,,,,,,,,,,,,,,,,,,N,"=IF(X31=""PRT"",AV$32,AV$33)","=IF(Y31=""PRT"",AW$32,AW$33)","=IF(Z31=""PRT"",AX$32,AX$33)","=IF(AA31=""PRT"",AY$32,AY$33)","=IF(AB31=""PRT"",AZ$32,AZ$33)",=AC15,"=IF(AND(X34>1200,X34<1832.1),$AH30,""0"")","=IF(AND(Y34>1200,Y34<1832.1),$AH30,""0"")","=IF(AND(Z34>1200,Z34<1832.1),$AH30,""0"")","=IF(AND(AA34>1200,AA34<1832.1),$AH30,""0"")","=IF(AND(AB34>1200,AB34<1832.1),$AH30,""0"")",S rng 2 ,"=IF(AND(X34>392,X34<1200.1),$AN29,""0"")","=IF(AND(Y34>392,Y34<1200.1),$AN29,""0"")","=IF(AND(Z34>392,Z34<1200.1),$AN29,""0"")","=IF(AND(AA34>392,AA34<1200.1),$AN29,""0"")","=IF(AND(AB34>392,AB34<1200.1),$AN29,""0"")",S rng 2 ,"=IF(AND(X$34>392,X$34<1200.1),$AT29,""0"")","=IF(AND(Y$34>392,Y$34<1200.1),$AT29,""0"")","=IF(AND(Z$34>392,Z$34<1200.1),$AT29,""0"")","=IF(AND(AA$34>392,AA$34<1200.1),$AT29,""0"")","=IF(AND(AB$34>392,AB$34<1200.1),$AT29,""0"")",S rng 2 ,"=IF(AND(X$34>392,X$34<1200.1),$AZ29,""0"")","=IF(AND(Y$34>392,Y$34<1200.1),$AZ29,""0"")","=IF(AND(Z$34>392,Z$34<1200.1),$AZ29,""0"")","=IF(AND(AA$34>392,AA$34<1200.1),$AZ29,""0"")","=IF(AND(AB$34>392,AB$34<1200.1),$AZ29,""0"")",S rng 2 ,"=IF(AND(X$34>392,X$34<1200.1),$BF28,""0"")","=IF(AND(Y$34>392,Y$34<1200.1),$BF28,""0"")","=IF(AND(Z$34>392,Z$34<1200.1),$BF28,""0"")","=IF(AND(AA$34>392,AA$34<1200.1),$BF28,""0"")","=IF(AND(AB$34>392,AB$34<1200.1),$BF28,""0"")",,,,,,,S rng 3 ,"=IF(AND(X$34>1200,X$34<2000.1),$BR29,""0"")","=IF(AND(Y$34>1200,Y$34<2000.1),$BR29,""0"")","=IF(AND(Z$34>1200,Z$34<2000.1),$BR29,""0"")","=IF(AND(AA$34>1200,AA$34<2000.1),$BR29,""0"")","=IF(AND(AB$34>1200,AB$34<2000.1),$BR29,""0"")",,,,,,,,,,,,,,,,,,,,,,,,,,,,
"The reported expanded uncertainty of measurement is stated as the standard uncertainty of measurement multiplied by the coverage factor k such that the coverage probability corresponds to approximately 95%. This estimate was performed in accordance with guidelines set forth in ANSI/NCSL Z540-2. The acceptance or rejection of the item(s) is based on the actual test values shown, without adjustment for measurement uncertainty. All testing performed using standards traceable to NIST or to intrinsic standards. This document shall not be reproduced except in full, without the written permission of Johnson Gage and Inspection. ",,,,,,,,,,,,,,,,,,,,,,R,"=IF(X31=""PRT"",BB$32,IF(X31=""ST7"",BB$33,BB$34))","=IF(Y31=""PRT"",BC$32,IF(Y31=""ST7"",BC$33,BC$34))","=IF(Z31=""PRT"",BD$32,IF(Z31=""ST7"",BD$33,BD$34))","=IF(AA31=""PRT"",BE$32,IF(AA31=""ST7"",BE$33,BE$34))","=IF(AB31=""PRT"",BF$32,IF(AB31=""ST7"",BF$33,BF$34))",,,,,,,S rng 3 ,"=IF(AND(X34>1200,X34<2000.1),$AN30,""0"")","=IF(AND(Y34>1200,Y34<2000.1),$AN30,""0"")","=IF(AND(Z34>1200,Z34<2000.1),$AN30,""0"")","=IF(AND(AA34>1200,AA34<2000.1),$AN30,""0"")","=IF(AND(AB34>1200,AB34<2000.1),$AN30,""0"")",S rng 3 ,"=IF(AND(X$34>1200,X$34<2000.1),$AT30,""0"")","=IF(AND(Y$34>1200,Y$34<2000.1),$AT30,""0"")","=IF(AND(Z$34>1200,Z$34<2000.1),$AT30,""0"")","=IF(AND(AA$34>1200,AA$34<2000.1),$AT30,""0"")","=IF(AND(AB$34>1200,AB$34<2000.1),$AT30,""0"")",S rng 3 ,"=IF(AND(X$34>1200,X$34<2000.1),$AZ30,""0"")","=IF(AND(Y$34>1200,Y$34<2000.1),$AZ30,""0"")","=IF(AND(Z$34>1200,Z$34<2000.1),$AZ30,""0"")","=IF(AND(AA$34>1200,AA$34<2000.1),$AZ30,""0"")","=IF(AND(AB$34>1200,AB$34<2000.1),$AZ30,""0"")",S rng 3 ,"=IF(AND(X$34>1200,X$34<2000.1),$BF29,""0"")","=IF(AND(Y$34>1200,Y$34<2000.1),$BF29,""0"")","=IF(AND(Z$34>1200,Z$34<2000.1),$BF29,""0"")","=IF(AND(AA$34>1200,AA$34<2000.1),$BF29,""0"")","=IF(AND(AB$34>1200,AB$34<2000.1),$BF29,""0"")",,,,,,,S rng 4 ,"=IF(AND(X$34>2000,X$34<2500.1),$BR30,""0"")","=IF(AND(Y$34>2000,Y$34<2500.1),$BR30,""0"")","=IF(AND(Z$34>2000,Z$34<2500.1),$BR30,""0"")","=IF(AND(AA$34>2000,AA$34<2500.1),$BR30,""0"")","=IF(AND(AB$34>2000,AB$34<2500.1),$BR30,""0"")",,,,,,,,,,,,,,,,,,,,,,,,,,,,
,,,,,,,,,,,,,,,,,,,,,,S,"=IF(X31=""PRT"",BN$31,IF(X31=""ST7"",BN$33,BN$32))","=IF(Y31=""PRT"",BO$31,IF(Y31=""ST7"",BO$33,BO$32))","=IF(Z31=""PRT"",BP$31,IF(Z31=""ST7"",BP$33,BP$32))","=IF(AA31=""PRT"",BQ$31,IF(AA31=""ST7"",BQ$33,BQ$32))","=IF(AB31=""PRT"",BR$31,IF(AB31=""ST7"",BR$33,BR$32))",,,,,,,S rng 4 ,"=IF(AND(X34>2000,X34<2192.1),$AN31,""0"")","=IF(AND(Y34>2000,Y34<2192.1),$AN31,""0"")","=IF(AND(Z34>2000,Z34<2192.1),$AN31,""0"")","=IF(AND(AA34>2000,AA34<2192.1),$AN31,""0"")","=IF(AND(AB34>2000,AB34<2192.1),$AN31,""0"")",S rng 4 ,"=IF(AND(X$34>2000,X$34<2500.1),$AT31,""0"")","=IF(AND(Y$34>2000,Y$34<2500.1),$AT31,""0"")","=IF(AND(Z$34>2000,Z$34<2500.1),$AT31,""0"")","=IF(AND(AA$34>2000,AA$34<2500.1),$AT31,""0"")","=IF(AND(AB$34>2000,AB$34<2500.1),$AT31,""0"")",S rng 4 ,"=IF(AND(X$34>2000,X$34<2372.1),$AZ31,""0"")","=IF(AND(Y$34>2000,Y$34<2372.1),$AZ31,""0"")","=IF(AND(Z$34>2000,Z$34<2372.1),$AZ31,""0"")","=IF(AND(AA$34>2000,AA$34<2372.1),$AZ31,""0"")","=IF(AND(AB$34>2000,AB$34<2372.1),$AZ31,""0"")",S rng 4 ,"=IF(AND(X$34>2000,X$34<2500.1),$BF30,""0"")","=IF(AND(Y$34>2000,Y$34<2500.1),$BF30,""0"")","=IF(AND(Z$34>2000,Z$34<2500.1),$BF30,""0"")","=IF(AND(AA$34>2000,AA$34<2500.1),$BF30,""0"")","=IF(AND(AB$34>2000,AB$34<2500.1),$BF30,""0"")",,,,,,,Sref Rng 1,"=IF(AND(X$34>31.9,X$34<392.1),$BX25,""0"")","=IF(AND(Y$34>31.9,Y$34<392.1),$BX25,""0"")","=IF(AND(Z$34>31.9,Z$34<392.1),$BX25,""0"")","=IF(AND(AA$34>31.9,AA$34<392.1),$BX25,""0"")","=IF(AND(AB$34>31.9,AB$34<392.1),$BX25,""0"")",,,,,,,,,,,,,,,,,,,,,,,,,,,,
,,,,,,,,,,,,,,,,,,,,,,T,"=IF(X31=""PRT"",BZ$30,BZ$31)","=IF(Y31=""PRT"",CA$30,CA$31)","=IF(Z31=""PRT"",CB$30,CB$31)","=IF(AA31=""PRT"",CC$30,CC$31)","=IF(AB31=""PRT"",CD$30,CD$31)",,,,,,,,,,,,,,,,,,,,,,,,,Sref Rng 1,"=IF(AND(X$34>31.9,X$34<392.1),$BL25,""0"")","=IF(AND(Y$34>31.9,Y$34<392.1),$BL25,""0"")","=IF(AND(Z$34>31.9,Z$34<392.1),$BL25,""0"")","=IF(AND(AA$34>31.9,AA$34<392.1),$BL25,""0"")","=IF(AND(AB$34>31.9,AB$34<392.1),$BL25,""0"")",,,,,,,Sref Rng 2,"=IF(AND(X$34>392,X$34<1200.1),$BX26,""0"")","=IF(AND(Y$34>392,Y$34<1200.1),$BX26,""0"")","=IF(AND(Z$34>392,Z$34<1200.1),$BX26,""0"")","=IF(AND(AA$34>392,AA$34<1200.1),$BX26,""0"")","=IF(AND(AB$34>392,AB$34<1200.1),$BX26,""0"")",,,,,,,,,,,,,,,,,,,,,,,,,,,,
,,,,,,,,,,,,,,,,,,,,,,,,,,,,,,,,,,,,,,,,,,,,,,,,,,,,Sref Rng 2,"=IF(AND(X$34>392,X$34<1200.1),$BL26,""0"")","=IF(AND(Y$34>392,Y$34<1200.1),$BL26,""0"")","=IF(AND(Z$34>392,Z$34<1200.1),$BL26,""0"")","=IF(AND(AA$34>392,AA$34<1200.1),$BL26,""0"")","=IF(AND(AB$34>392,AB$34<1200.1),$BL26,""0"")",,,,,,,Sref Rng 3,"=IF(AND(X$34>1200,X$34<2000.1),$BX27,""0"")","=IF(AND(Y$34>1200,Y$34<2000.1),$BX27,""0"")","=IF(AND(Z$34>1200,Z$34<2000.1),$BX27,""0"")","=IF(AND(AA$34>1200,AA$34<2000.1),$BX27,""0"")","=IF(AND(AB$34>1200,AB$34<2000.1),$BX27,""0"")",,,,,,,,,,,,,,,,,,,,,,,,,,,,
,,,,,,,,,,,,,,,,,,,,,,,,,,,,,,,,,,,,,,,,,,,,,,,,,,,,Sref Rng 3,"=IF(AND(X$34>1200,X$34<2000.1),$BL27,""0"")","=IF(AND(Y$34>1200,Y$34<2000.1),$BL27,""0"")","=IF(AND(Z$34>1200,Z$34<2000.1),$BL27,""0"")","=IF(AND(AA$34>1200,AA$34<2000.1),$BL27,""0"")","=IF(AND(AB$34>1200,AB$34<2000.1),$BL27,""0"")",,,,,,,Sref Rng 4,"=IF(AND(X$34>2000,X$34<2500.1),$BX28,""0"")","=IF(AND(Y$34>2000,Y$34<2500.1),$BX28,""0"")","=IF(AND(Z$34>2000,Z$34<2500.1),$BX28,""0"")","=IF(AND(AA$34>2000,AA$34<2500.1),$BX28,""0"")","=IF(AND(AB$34>2000,AB$34<2500.1),$BX28,""0"")",,,,,,,,,,,,,,,,,,,,,,,,,,,,
,,,,,,,,,,,,,,,,,,,,,,,,,,,,,,,,,,,,,,,,,,,,,,,,,,,,Sref Rng 4,"=IF(AND(X$34>2000,X$34<2500.1),$BL28,""0"")","=IF(AND(Y$34>2000,Y$34<2500.1),$BL28,""0"")","=IF(AND(Z$34>2000,Z$34<2500.1),$BL28,""0"")","=IF(AND(AA$34>2000,AA$34<2500.1),$BL28,""0"")","=IF(AND(AB$34>2000,AB$34<2500.1),$BL28,""0"")",,,,,,,,,,,,,,,,,,,,,,,,,,,,,,,,,,,,,,,,
Comments:,,,,,,,,,,,,,,,,,,,,,,,,,,,,,,,,,,,,,,,,,,,,,,,,,,,,,,,,,,,,,,,,,,,,,,,,,,,,,,,,,,,,,,,,,,,,,,,,,
='TC FORM'!B$32,,,,,,,,,,,,,,,,,,,,,,,,,,,,,,,,,,,,,,,,,,,,,,,,,,,,,,,,,,,,,,,,,,,,,,,,,,,,,,,,,,,,,,,,,,,,,,,,,
,,,,,,,,,,,,,,,,,,,,,,,,,,,,,,,,,,,,,,,,,,,,,,,,,,,,,,,,,,,,,,,,,,,,,,,,,,,,,,,,,,,,,,,,,,,,,,,,,
,,,,,,,,,,,,,,,,,,,,,,,,,,,,,,,,,,,,,,,,,,,,,,,,,,,,,,,,,,,,,,,,,,,,,,,,,,,,,,,,,,,,,,,,,,,,,,,,,
,,,,,,,,,,,,,,,,,,,,,,,,,,,,,,,,,,,,,,,,,,,,,,,,,,,,,,,,,,,,,,,,,,,,,,,,,,,,,,,,,,,,,,,,,,,,,,,,,
,,,,,,,,,,,,,,,,,,,,,,,,,,,,,,,,,,,,,,,,,,,,,,,,,,,,,,,,,,,,,,,,,,,,,,,,,,,,,,,,,,,,,,,,,,,,,,,,,
RESULTS:,='TC FORM'!B$35,,,,,,,,,,,,,,,,,,,,,,,,,,,,,,,,,,,,,,,,,,,,,,,,,,,,,,,,,,,,,,,,,,,,,,,,,,,,,,,,,,,,,,,,,,,,,,,,
,,,,,,,,,,,,,,,,,,,,,,,,,,,,,,,,,,,,,,,,,,,,,,,,,,,,,,,,,,,,,,,,,,,,,,,,,,,,,,,,,,,,,,,,,,,,,,,,,
,,,,,,,,,,,,,,,,,,,,,,,,,,,,,,,,,,,,,,,,,,,,,,,,,,,,,,,,,,,,,,,,,,,,,,,,,,,,,,,,,,,,,,,,,,,,,,,,,
,,,TEST EQUIPMENT,,,,,,,,,,,,,,,,,,,,,,,,,,,,,,,,,,,,,,,,,,,,,,,,,,,,,,,,,,,,,,,,,,,,,,,,,,,,,,,,,,,,,,,,,,,,,,
Test Equipment,,S/N,,Date Certified,,Date Due,Traceability Number,,,,,,,,,,,,,,,,,,,,,,,,,,,,,,,,,,,,,,,,,,,,,,,,,,,,,,,,,,,,,,,,,,,,,,,,,,,,,,,,,,,,,,,,,,
='TC FORM'!N31,,='TC FORM'!O31,,='TC FORM'!P31,,='TC FORM'!Q31,='TC FORM'!S34,,,,,,,,,,,,,,,,,,,,,,,,,,,,,,,,,,,,,,,,,,,,,,,,,,,,,,,,,,,,,,,,,,,,,,,,,,,,,,,,,,,,,,,,,,
='TC FORM'!N32,,='TC FORM'!O32,,='TC FORM'!P32,,='TC FORM'!Q32,='TC FORM'!S35,,,,,,,,,,,,,,,,,,,,,,,,,,,,,,,,,,,,,,,,,,,,,,,,,,,,,,,,,,,,,,,,,,,,,,,,,,,,,,,,,,,,,,,,,,
='TC FORM'!N33,,='TC FORM'!O33,,='TC FORM'!P33,,='TC FORM'!Q33,='TC FORM'!S36,,,,,,,,,,,,,,,,,,,,,,,,,,,,,,,,,,,,,,,,,,,,,,,,,,,,,,,,,,,,,,,,,,,,,,,,,,,,,,,,,,,,,,,,,,
='TC FORM'!N34,,='TC FORM'!O34,,='TC FORM'!P34,,='TC FORM'!Q34,='TC FORM'!S37,,,,,,,,,,,,,,,,,,,,,,,,,,,,,,,,,,,,,,,,,,,,,,,,,,,,,,,,,,,,,,,,,,,,,,,,,,,,,,,,,,,,,,,,,,
='TC FORM'!N35,,='TC FORM'!O35,,='TC FORM'!P35,,='TC FORM'!Q35,='TC FORM'!S38,,,,,,,,,,,,,,,,,,,,,,,,,,,,,,,,,,,,,,,,,,,,,,,,,,,,,,,,,,,,,,,,,,,,,,,,,,,,,,,,,,,,,,,,,,
,,,,,,,,,,,,,,,,,,,,,,,,,,,,,,,,,,,,,,,,,,,,,,,,,,,,,,,,,,,,,,,,,,,,,,,,,,,,,,,,,,,,,,,,,,,,,,,,,
,,,,,,,,,,,,,,,,,,,,,,,,,,,,,,,,,,,,,,,,,,,,,,,,,,,,,,,,,,,,,,,,,,,,,,,,,,,,,,,,,,,,,,,,,,,,,,,,,
,,,,,,,,,,,,,,,,,,,,,,,,,,,,,,,,,,,,,,,,,,,,,,,,,,,,,,,,,,,,,,,,,,,,,,,,,,,,,,,,,,,,,,,,,,,,,,,,,
,,,,,,,,,,,,,,,,,,,,,,,,,,,,,,,,,,,,,,,,,,,,,,,,,,,,,,,,,,,,,,,,,,,,,,,,,,,,,,,,,,,,,,,,,,,,,,,,,
,,,,,,,,,,,,,,,,,,,,,,,,,,,,,,,,,,,,,,,,,,,,,,,,,,,,,,,,,,,,,,,,,,,,,,,,,,,,,,,,,,,,,,,,,,,,,,,,,
,,,,,,,,,,,,,,,,,,,,,,,,,,,,,,,,,,,,,,,,,,,,,,,,,,,,,,,,,,,,,,,,,,,,,,,,,,,,,,,,,,,,,,,,,,,,,,,,,
,,,,,,,,,,,,,,,,,,,,,,,,,,,,,,,,,,,,,,,,,,,,,,,,,,,,,,,,,,,,,,,,,,,,,,,,,,,,,,,,,,,,,,,,,,,,,,,,,
,,,,,,,,,,,,,,,,,,,,,,,,,,,,,,,,,,,,,,,,,,,,,,,,,,,,,,,,,,,,,,,,,,,,,,,,,,,,,,,,,,,,,,,,,,,,,,,,,
,,,,,,,,,,,,,,,,,,,,,,,,,,,,,,,,,,,,,,,,,,,,,,,,,,,,,,,,,,,,,,,,,,,,,,,,,,,,,,,,,,,,,,,,,,,,,,,,,
,,,,,,,,,,,,,,,,,,,,,,,,,,,,,,,,,,,,,,,,,,,,,,,,,,,,,,,,,,,,,,,,,,,,,,,,,,,,,,,,,,,,,,,,,,,,,,,,,
,,,,,,,,,,,,,,,,,,,,,,,,,,,,,,,,,,,,,,,,,,,,,,,,,,,,,,,,,,,,,,,,,,,,,,,,,,,,,,,,,,,,,,,,,,,,,,,,,
,,,,,,,,,,,,,,,,,,,,,,,,,,,,,,,,,,,,,,,,,,,,,,,,,,,,,,,,,,,,,,,,,,,,,,,,,,,,,,,,,,,,,,,,,,,,,,,,,
,,,,,,,,,,,,,,,,,,,,,,,,,,,,,,,,,,,,,,,,,,,,,,,,,,,,,,,,,,,,,,,,,,,,,,,,,,,,,,,,,,,,,,,,,,,,,,,,,
,,,,,,,,,,,,,,,,,,,,,,,,,,,,,,,,,,,,,,,,,,,,,,,,,,,,,,,,,,,,,,,,,,,,,,,,,,,,,,,,,,,,,,,,,,,,,,,,,
,,,,,,,,,,,,,,,,,,,,,,,,,,,,,,,,,,,,,,,,,,,,,,,,,,,,,,,,,,,,,,,,,,,,,,,,,,,,,,,,,,,,,,,,,,,,,,,,,
,,,,,,,,,,,,,,,,,,,,,,,,,,,,,,,,,,,,,,,,,,,,,,,,,,,,,,,,,,,,,,,,,,,,,,,,,,,,,,,,,,,,,,,,,,,,,,,,,
,,,,,,,,,,,,,,,,,,,,,,,,,,,,,,,,,,,,,,,,,,,,,,,,,,,,,,,,,,,,,,,,,,,,,,,,,,,,,,,,,,,,,,,,,,,,,,,,,
,,,,,,,,,,,,,,,,,,,,,,,,,,,,,,,,,,,,,,,,,,,,,,,,,,,,,,,,,,,,,,,,,,,,,,,,,,,,,,,,,,,,,,,,,,,,,,,,,
,,,,,,,,,,,,,,,,,,,,,,,,,,,,,,,,,,,,,,,,,,,,,,,,,,,,,,,,,,,,,,,,,,,,,,,,,,,,,,,,,,,,,,,,,,,,,,,,,
,,,,,,,,,,,,,,,,,,,,,,,,,,,,,,,,,,,,,,,,,,,,,,,,,,,,,,,,,,,,,,,,,,,,,,,,,,,,,,,,,,,,,,,,,,,,,,,,,
,,,,,,,,,,,,,,,,,,,,,,raw uncerts,"=IF(CT!$D$7=""E"",X86,IF(CT!$D$7=""J"",X87,IF(CT!$D$7=""K"",X88,IF(CT!$D$7=""N"",X89,IF(CT!$D$7=""T"",X94,"""")))))","=IF(CT!$D$7=""E"",Y86,IF(CT!$D$7=""J"",Y87,IF(CT!$D$7=""K"",Y88,IF(CT!$D$7=""N"",Y89,IF(CT!$D$7=""T"",Y94,"""")))))","=IF(CT!$D$7=""E"",Z86,IF(CT!$D$7=""J"",Z87,IF(CT!$D$7=""K"",Z88,IF(CT!$D$7=""N"",Z89,IF(CT!$D$7=""T"",Z94,"""")))))","=IF(CT!$D$7=""E"",AA86,IF(CT!$D$7=""J"",AA87,IF(CT!$D$7=""K"",AA88,IF(CT!$D$7=""N"",AA89,IF(CT!$D$7=""T"",AA94,"""")))))","=IF(CT!$D$7=""E"",AB86,IF(CT!$D$7=""J"",AB87,IF(CT!$D$7=""K"",AB88,IF(CT!$D$7=""N"",AB89,IF(CT!$D$7=""T"",AB94,"""")))))",,,,,,,,,,,,,,,,,,,,,,,,,,,,,,,,,,,,,,,,,,,,,,,,,,,,,,,,,,,,,,,,,,,,,,
,,,,,,,,,,,,,,,,,,,,,,,=CT!$E$3,=CT!$M$3,=CT!$U$3,=CT!$AC$3,=CT!$AK$3,,,,,,,,,,,,,,,,,,,,,,,,,,,,,,,,,,,,,,,,,,,,,,,,,,,,,,,,,,,,,,,,,,,,,,
,,,,,,,,,,,,,,,,,,,,,,,,,,,,,,,,,,,,,,,,,,,,,,,,,,,,,,,,,,,,,,,,,,,,,,,,,,,,,,,,,,,,,,,,,,,,,,,,,
,,,,,,,,,,,,,,,,,,,,,,Uncerts ,"=IF(X81="""","""",ROUND(X81,2-(1+INT(LOG10(ABS(X81))))))","=IF(Y81="""","""",ROUND(Y81,2-(1+INT(LOG10(ABS(Y81))))))","=IF(Z81="""","""",ROUND(Z81,2-(1+INT(LOG10(ABS(Z81))))))","=IF(AA81="""","""",ROUND(AA81,2-(1+INT(LOG10(ABS(AA81))))))","=IF(AB81="""","""",ROUND(AB81,2-(1+INT(LOG10(ABS(AB81))))))",,,,,,,,,,,,,,,,,,,,,,,,,,,,,,,,,,,,,,,,,,,,,,,,,,,,,,,,,,,,,,,,,,,,,,
,,,,,,,,,,,,,,,,,,,,,,Test Temps ,='TC FORM'!$D$10,='TC FORM'!$E$10,='TC FORM'!$F$10,='TC FORM'!$G$10,='TC FORM'!$H$10,,,,,,,,,,,,,,,,,,,,,,,,,,,,,,,,,,,,,,,,,,,,,,,,,,,,,,,,,,,,,,,,,,,,,,
,,,,,,,,,,,,,,,,,,,,,,E,"=IF(X82=""PRT"",AD$8,AD$9)","=IF(Y82=""PRT"",AE$8,AE$9)","=IF(Z82=""PRT"",AF$8,AF$9)","=IF(AA82=""PRT"",AG$8,AG$9)","=IF(AB82=""PRT"",AH$8,AH$9)",,,,,,,,,,,,,,,,,,,,,,,,,,,,,,,,,,,,,,,,,,,,,,,,,,,,,,,,,,,,,,,,,,,,,,
,,,,,,,,,,,,,,,,,,,,,,J,"=IF(X82=""PRT"",AJ$9,AJ$10)","=IF(Y82=""PRT"",AK$9,AK$10)","=IF(Z82=""PRT"",AL$9,AL$10)","=IF(AA$18=""PRT"",AM$9,AM$10)","=IF(AB$18=""PRT"",AN$9,AN$10)",,,,,,,,,,,,,,,,,,,,,,,,,,,,,,,,,,,,,,,,,,,,,,,,,,,,,,,,,,,,,,,,,,,,,,
,,,,,,,,,,,,,,,,,,,,,,K,"=IF(X82=""PRT"",AP$9,AP$10)","=IF(Y$18=""PRT"",AQ$9,AQ$10)","=IF(Z$18=""PRT"",AR$9,AR$10)","=IF(AA82=""PRT"",AS$9,AS$10)","=IF(AB82=""PRT"",AT$9,AT$10)",,,,,,,,,,,,,,,,,,,,,,,,,,,,,,,,,,,,,,,,,,,,,,,,,,,,,,,,,,,,,,,,,,,,,,
,,,,,,,,,,,,,,,,,,,,,,N,"=IF(X82=""PRT"",AV$9,AV$10)","=IF(Y82=""PRT"",AW$9,AW$10)","=IF(Z82=""PRT"",AX$9,AX$10)","=IF(AA82=""PRT"",AY$9,AY$10)","=IF(AB82=""PRT"",AZ$9,AZ$10)",,,,,,,,,,,,,,,,,,,,,,,,,,,,,,,,,,,,,,,,,,,,,,,,,,,,,,,,,,,,,,,,,,,,,,
,,,,,,,,,,,,,,,,,,,,,,R,"=IF(X82=""PRT"",BB$8,IF(X82=""ST7"",BB$10,BB$9))","=IF(Y82=""PRT"",BC$8,IF(Y82=""ST7"",BC$10,BC$9))","=IF(Z82=""PRT"",BD72,IF(Z82=""ST7"",BD$10,BD$9))","=IF(AA82=""PRT"",BE$8,IF(AA82=""ST7"",BE$10,BE$9))","=IF(AB82=""PRT"",BF$8,IF(AB82=""ST7"",BF$10,BF$9))",,,,,,,,,,,,,,,,,,,,,,,,,,,,,,,,,,,,,,,,,,,,,,,,,,,,,,,,,,,,,,,,,,,,,,
,,,,,,,,,,,,,,,,,,,,,,S,"=IF(X82=""PRT"",BN$8,IF(X82=""ST7"",BN$10,BN$9))","=IF(Y82=""PRT"",BO$8,IF(Y82=""ST7"",BO$10,BO$9))","=IF(Z82=""PRT"",BP$8,IF(Z82=""ST7"",BP$10,BP$9))","=IF(AA82=""PRT"",BQ$8,IF(AA82=""ST7"",BQ$10,BQ$9))","=IF(AB82=""PRT"",BR$8,IF(AB82=""ST7"",BR$10,BR$9))",,,,,,,,,,,,,,,,,,,,,,,,,,,,,,,,,,,,,,,,,,,,,,,,,,,,,,,,,,,,,,,,,,,,,,
,,,,,,,,,,,,,,,,,,,,,,T,"=IF(X82=""PRT"",BZ$7,BZ$8)","=IF(Y82=""PRT"",CA$7,CA$8)","=IF(Z82=""PRT"",CB$7,CB$8)","=IF(AA82=""PRT"",CC$7,CC$8)","=IF(AB82=""PRT"",CD$7,CD$8)",,,,,,,,,,,,,,,,,,,,,,,,,,,,,,,,,,,,,,,,,,,,,,,,,,,,,,,,,,,,,,,,,,,,,,
,,,,,,,,,,,,,,,,,,,,,,,,,,,,,,,,,,,,,,,,,,,,,,,,,,,,,,,,,,,,,,,,,,,,,,,,,,,,,,,,,,,,,,,,,,,,,,,,,
,,,,,,,,,,,,,,,,,,,,,,,,,,,,,,,,,,,,,,,,,,,,,,,,,,,,,,,,,,,,,,,,,,,,,,,,,,,,,,,,,,,,,,,,,,,,,,,,,
,,,,,,,,,,,,,,,,,,,,,,,,,,,,,,,,,,,,,,,,,,,,,,,,,,,,,,,,,,,,,,,,,,,,,,,,,,,,,,,,,,,,,,,,,,,,,,,,,
,,,,,,,,,,,,,,,,,,,,,,,,,,,,,,,,,,,,,,,,,,,,,,,,,,,,,,,,,,,,,,,,,,,,,,,,,,,,,,,,,,,,,,,,,,,,,,,,,
,,,,,,,,,,,,,,,,,,,,,,,,,,,,,,,,,,,,,,,,,,,,,,,,,,,,,,,,,,,,,,,,,,,,,,,,,,,,,,,,,,,,,,,,,,,,,,,,,
,,,,,,,,,,,,,,,,,,,,,,,,,,,,,,,,,,,,,,,,,,,,,,,,,,,,,,,,,,,,,,,,,,,,,,,,,,,,,,,,,,,,,,,,,,,,,,,,,
,,,,,,,,,,,,,,,,,,,,,,,,,,,,,,,,,,,,,,,,,,,,,,,,,,,,,,,,,,,,,,,,,,,,,,,,,,,,,,,,,,,,,,,,,,,,,,,,,
,,,,,,,,,,,,,,,,,,,,,,,,,,,,,,,,,,,,,,,,,,,,,,,,,,,,,,,,,,,,,,,,,,,,,,,,,,,,,,,,,,,,,,,,,,,,,,,,,
,,,,,,,,,,,,,,,,,,,,,,,,,,,,,,,,,,,,,,,,,,,,,,,,,,,,,,,,,,,,,,,,,,,,,,,,,,,,,,,,,,,,,,,,,,,,,,,,,
,,,,,,,,,,,,,,,,,,,,,,,,,,,,,,,,,,,,,,,,,,,,,,,,,,,,,,,,,,,,,,,,,,,,,,,,,,,,,,,,,,,,,,,,,,,,,,,,,
,,,,,,,,,,,,,,,,,,,,,,,,,,,,,,,,,,,,,,,,,,,,,,,,,,,,,,,,,,,,,,,,,,,,,,,,,,,,,,,,,,,,,,,,,,,,,,,,,
,,,,,,,,,,,,,,,,,,,,,,,,,,,,,,,,,,,,,,,,,,,,,,,,,,,,,,,,,,,,,,,,,,,,,,,,,,,,,,,,,,,,,,,,,,,,,,,,,
,,,,,,,,,,,,,,,,,,,,,,,,,,,,,,,,,,,,,,,,,,,,,,,,,,,,,,,,,,,,,,,,,,,,,,,,,,,,,,,,,,,,,,,,,,,,,,,,,
,,,,,,,,,,,,,,,,,,,,,,,,,,,,,,,,,,,,,,,,,,,,,,,,,,,,,,,,,,,,,,,,,,,,,,,,,,,,,,,,,,,,,,,,,,,,,,,,,
,,,,,,,,,,,,,,,,,,,,,,,,,,,,,,,,,,,,,,,,,,,,,,,,,,,,,,,,,,,,,,,,,,,,,,,,,,,,,,,,,,,,,,,,,,,,,,,,,
,,,,,,,,,,,,,,,,,,,,,,,,,,,,,,,,,,,,,,,,,,,,,,,,,,,,,,,,,,,,,,,,,,,,,,,,,,,,,,,,,,,,,,,,,,,,,,,,,
,,,,,,,,,,,,,,,,,,,,,,,,,,,,,,,,,,,,,,,,,,,,,,,,,,,,,,,,,,,,,,,,,,,,,,,,,,,,,,,,,,,,,,,,,,,,,,,,,
,,,,,,,,,,,,,,,,,,,,,,,,,,,,,,,,,,,,,,,,,,,,,,,,,,,,,,,,,,,,,,,,,,,,,,,,,,,,,,,,,,,,,,,,,,,,,,,,,
,,,,,,,,,,,,,,,,,,,,,,,,,,,,,,,,,,,,,,,,,,,,,,,,,,,,,,,,,,,,,,,,,,,,,,,,,,,,,,,,,,,,,,,,,,,,,,,,,
,,,,,,,,,,,,,,,,,,,,,,,,,,,,,,,,,,,,,,,,,,,,,,,,,,,,,,,,,,,,,,,,,,,,,,,,,,,,,,,,,,,,,,,,,,,,,,,,,
,,,,,,,,,,,,,,,,,,,,,,,,,,,,,,,,,,,,,,,,,,,,,,,,,,,,,,,,,,,,,,,,,,,,,,,,,,,,,,,,,,,,,,,,,,,,,,,,,
,,,,,,,,,,,,,,,,,,,,,,,,,,,,,,,,,,,,,,,,,,,,,,,,,,,,,,,,,,,,,,,,,,,,,,,,,,,,,,,,,,,,,,,,,,,,,,,,,
,,,,,,,,,,,,,,,,,,,,,,,,,,,,,,,,,,,,,,,,,,,,,,,,,,,,,,,,,,,,,,,,,,,,,,,,,,,,,,,,,,,,,,,,,,,,,,,,,
,,,,,,,,,,,,,,,,,,,,,,,,,,,,,,,,,,,,,,,,,,,,,,,,,,,,,,,,,,,,,,,,,,,,,,,,,,,,,,,,,,,,,,,,,,,,,,,,,
,,,,,,,,,,,,,,,,,,,,,,,,,,,,,,,,,,,,,,,,,,,,,,,,,,,,,,,,,,,,,,,,,,,,,,,,,,,,,,,,,,,,,,,,,,,,,,,,,
,,,,,,,,,,,,,,,,,,,,,,,,,,,,,,,,,,,,,,,,,,,,,,,,,,,,,,,,,,,,,,,,,,,,,,,,,,,,,,,,,,,,,,,,,,,,,,,,,
,,,,,,,,,,,,,,,,,,,,,,,,,,,,,,,,,,,,,,,,,,,,,,,,,,,,,,,,,,,,,,,,,,,,,,,,,,,,,,,,,,,,,,,,,,,,,,,,,
,,,,,,,,,,,,,,,,,,,,,,,,,,,,,,,,,,,,,,,,,,,,,,,,,,,,,,,,,,,,,,,,,,,,,,,,,,,,,,,,,,,,,,,,,,,,,,,,,
,,,,,,,,,,,,,,,,,,,,,,,,,,,,,,,,,,,,,,,,,,,,,,,,,,,,,,,,,,,,,,,,,,,,,,,,,,,,,,,,,,,,,,,,,,,,,,,,,
,,,,,,,,,,,,,,,,,,,,,,,,,,,,,,,,,,,,,,,,,,,,,,,,,,,,,,,,,,,,,,,,,,,,,,,,,,,,,,,,,,,,,,,,,,,,,,,,,
,,,,,,,,,,,,,,,,,,,,,,,,,,,,,,,,,,,,,,,,,,,,,,,,,,,,,,,,,,,,,,,,,,,,,,,,,,,,,,,,,,,,,,,,,,,,,,,,,
,,,,,,,,,,,,,,,,,,,,,,,,,,,,,,,,,,,,,,,,,,,,,,,,,,,,,,,,,,,,,,,,,,,,,,,,,,,,,,,,,,,,,,,,,,,,,,,,,
,,,,,,,,,,,,,,,,,,,,,,,,,,,,,,,,,,,,,,,,,,,,,,,,,,,,,,,,,,,,,,,,,,,,,,,,,,,,,,,,,,,,,,,,,,,,,,,,,
,,,,,,,,,,,,,,,,,,,,,,,,,,,,,,,,,,,,,,,,,,,,,,,,,,,,,,,,,,,,,,,,,,,,,,,,,,,,,,,,,,,,,,,,,,,,,,,,,
,,,,,,,,,,,,,,,,,,,,,,,,,,,,,,,,,,,,,,,,,,,,,,,,,,,,,,,,,,,,,,,,,,,,,,,,,,,,,,,,,,,,,,,,,,,,,,,,,
,,,,,,,,,,,,,,,,,,,,,,,,,,,,,,,,,,,,,,,,,,,,,,,,,,,,,,,,,,,,,,,,,,,,,,,,,,,,,,,,,,,,,,,,,,,,,,,,,
