1,Test Temperature,,,,"=IF(AND(G5=1,OR(G3=1,G4=1)),""Fails AMS2750, 2°F Max between ends"","""")",,,2,Test Temperature,,,,"=IF(AND(O5=1,OR(O3=1,O4=1)),""Fails AMS2750, 2°F Max between ends"","""")",,,3,Test Temperature,,,,"=IF(AND(W5=1,OR(W3=1,W4=1)),""Fails AMS2750, 2°F Max between ends"","""")",,,4,Test Temperature,,,,"=IF(AND(AE5=1,OR(AE3=1,AE4=1)),""Fails AMS2750, 2°F Max between ends"","""")",,,5,Test Temperature,,,,"=IF(AND(AM5=1,OR(AM3=1,AM4=1)),""Fails AMS2750, 2°F Max between ends"","""")",,,6,Test Temperature,,,,"=IF(AND(AU5=1,OR(AU3=1,AU4=1)),""Fails AMS2750, 2°F Max between ends"","""")",,,7,Test Temperature,,,,"=IF(AND(BC5=1,OR(BC3=1,BC4=1)),""Fails AMS2750, 2°F Max between ends"","""")",,,8,Test Temperature,,,,"=IF(AND(BK5=1,OR(BK3=1,BK4=1)),""Fails AMS2750, 2°F Max between ends"","""")",,,9,Test Temperature,,,,"=IF(AND(BS5=1,OR(BS3=1,BS4=1)),""Fails AMS2750, 2°F Max between ends"","""")",,,10,Test Temperature,,,,"=IF(AND(CA5=1,OR(CA3=1,CA4=1)),""Fails AMS2750, 2°F Max between ends"","""")",,,11,Test Temperature,,,,,,,12,Test Temperature,,,,,,,13,Test Temperature,,,,,,,14,Test Temperature,,,,,,,15,Test Temperature,,,,,,,16,Test Temperature,,,,,,,17,Test Temperature,,,,,,,18,Test Temperature,,,,,,,19,Test Temperature,,,,,,,20,Test Temperature,,,,,,
,,PAGE INFO/INSTRUCTIONS,,,"=IF(AND(G6=1,OR(H3=1,H4=1)),""Fails BAC5621K, 1°F Max between ends"","""")",,,,,,,,"=IF(AND(O6=1,OR(P3=1,P4=1)),""Fails BAC5621K, 1°F Max between ends"","""")",,,,,,,,"=IF(AND(W6=1,OR(X3=1,X4=1)),""Fails BAC5621K, 1°F Max between ends"","""")",,,,,,,,"=IF(AND(AE6=1,OR(AF3=1,AF4=1)),""Fails BAC5621K, 1°F Max between ends"","""")",,,,,,,,"=IF(AND(AM6=1,OR(AN3=1,AN4=1)),""Fails BAC5621K, 1°F Max between ends"","""")",,,,,,,,"=IF(AND(AU6=1,OR(AV3=1,AV4=1)),""Fails BAC5621K, 1°F Max between ends"","""")",,,,,,,,"=IF(AND(BC6=1,OR(BD3=1,BD4=1)),""Fails BAC5621K, 1°F Max between ends"","""")",,,,,,,,"=IF(AND(BK6=1,OR(BL3=1,BL4=1)),""Fails BAC5621K, 1°F Max between ends"","""")",,,,,,,,"=IF(AND(BS6=1,OR(BT3=1,BT4=1)),""Fails BAC5621K, 1°F Max between ends"","""")",,,,,,,,"=IF(AND(CA6=1,OR(CB3=1,CB4=1)),""Fails BAC5621K, 1°F Max between ends"","""")",,,,,,,,,,,,,,,,,,,,,,,,,,,,,,,,,,,,,,,,,,,,,,,,,,,,,,,,,,,,,,,,,,,,,,,,,,,,,,,,,,
,STANDARD(s) USED:,,"=IF(E3="""",H6,IF(E2=""INVALID ENTRY"",H6,IF(E3=""NTS-11"",""NTS11"",IF(E3=""NTS-12"",""NTS12"",IF(E3=""NTS-10"",""NTS10"",IF(E3=""TTS-1"",""TTS1"",IF(E3=""ST-6"",""ST6"",IF(E3=""SP-1"",""SP1"",E3))))))))",,Standard,"=IFERROR(IF(ABS(H8-H7)>2,1,""""),"""")","=IFERROR(IF(ABS(H8-H7)>1,1,""""),"""")",,STANDARD(s) USED:,,"=IF(M3="""",P6,IF(M2=""INVALID ENTRY"",P6,IF(M3=""NTS-11"",""NTS11"",IF(M3=""NTS-12"",""NTS12"",IF(M3=""NTS-10"",""NTS10"",IF(M3=""TTS-1"",""TTS1"",IF(M3=""ST-6"",""ST6"",IF(M3=""SP-1"",""SP1"",M3))))))))",,Standard,"=IFERROR(IF(ABS(P8-P7)>2,1,""""),"""")","=IFERROR(IF(ABS(P8-P7)>1,1,""""),"""")",,STANDARD(s) USED:,,"=IF(U3="""",X6,IF(U2=""INVALID ENTRY"",X6,IF(U3=""NTS-11"",""NTS11"",IF(U3=""NTS-12"",""NTS12"",IF(U3=""NTS-10"",""NTS10"",IF(U3=""TTS-1"",""TTS1"",IF(U3=""ST-6"",""ST6"",IF(U3=""SP-1"",""SP1"",U3))))))))",,Standard,"=IFERROR(IF(ABS(X8-X7)>2,1,""""),"""")","=IFERROR(IF(ABS(X8-X7)>1,1,""""),"""")",,STANDARD(s) USED:,,"=IF(AC3="""",AF6,IF(AC2=""INVALID ENTRY"",AF6,IF(AC3=""NTS-11"",""NTS11"",IF(AC3=""NTS-12"",""NTS12"",IF(AC3=""NTS-10"",""NTS10"",IF(AC3=""TTS-1"",""TTS1"",IF(AC3=""ST-6"",""ST6"",IF(AC3=""SP-1"",""SP1"",AC3))))))))",,Standard,"=IFERROR(IF(ABS(AF8-AF7)>2,1,""""),"""")","=IFERROR(IF(ABS(AF8-AF7)>1,1,""""),"""")",,STANDARD(s) USED:,,"=IF(AK3="""",AN6,IF(AK2=""INVALID ENTRY"",AN6,IF(AK3=""NTS-11"",""NTS11"",IF(AK3=""NTS-12"",""NTS12"",IF(AK3=""NTS-10"",""NTS10"",IF(AK3=""TTS-1"",""TTS1"",IF(AK3=""ST-6"",""ST6"",IF(AK3=""SP-1"",""SP1"",AK3))))))))",,Standard,"=IFERROR(IF(ABS(AN8-AN7)>2,1,""""),"""")","=IFERROR(IF(ABS(AN8-AN7)>1,1,""""),"""")",,STANDARD(s) USED:,,"=IF(AS3="""",AV6,IF(AS2=""INVALID ENTRY"",AV6,IF(AS3=""NTS-11"",""NTS11"",IF(AS3=""NTS-12"",""NTS12"",IF(AS3=""NTS-10"",""NTS10"",IF(AS3=""TTS-1"",""TTS1"",IF(AS3=""ST-6"",""ST6"",IF(AS3=""SP-1"",""SP1"",AS3))))))))",,Standard,"=IFERROR(IF(ABS(AV8-AV7)>2,1,""""),"""")","=IFERROR(IF(ABS(AV8-AV7)>1,1,""""),"""")",,STANDARD(s) USED:,,"=IF(BA3="""",BD6,IF(BA2=""INVALID ENTRY"",BD6,IF(BA3=""NTS-11"",""NTS11"",IF(BA3=""NTS-12"",""NTS12"",IF(BA3=""NTS-10"",""NTS10"",IF(BA3=""TTS-1"",""TTS1"",IF(BA3=""ST-6"",""ST6"",IF(BA3=""SP-1"",""SP1"",BA3))))))))",,Standard,"=IFERROR(IF(ABS(BD8-BD7)>2,1,""""),"""")","=IFERROR(IF(ABS(BD8-BD7)>1,1,""""),"""")",,STANDARD(s) USED:,,"=IF(BI3="""",BL6,IF(BI2=""INVALID ENTRY"",BL6,IF(BI3=""NTS-11"",""NTS11"",IF(BI3=""NTS-12"",""NTS12"",IF(BI3=""NTS-10"",""NTS10"",IF(BI3=""TTS-1"",""TTS1"",IF(BI3=""ST-6"",""ST6"",IF(BI3=""SP-1"",""SP1"",BI3))))))))",,Standard,"=IFERROR(IF(ABS(BL8-BL7)>2,1,""""),"""")","=IFERROR(IF(ABS(BL8-BL7)>1,1,""""),"""")",,STANDARD(s) USED:,,"=IF(BQ3="""",BT6,IF(BQ2=""INVALID ENTRY"",BT6,IF(BQ3=""NTS-11"",""NTS11"",IF(BQ3=""NTS-12"",""NTS12"",IF(BQ3=""NTS-10"",""NTS10"",IF(BQ3=""TTS-1"",""TTS1"",IF(BQ3=""ST-6"",""ST6"",IF(BQ3=""SP-1"",""SP1"",BQ3))))))))",,Standard,"=IFERROR(IF(ABS(BT8-BT7)>2,1,""""),"""")","=IFERROR(IF(ABS(BT8-BT7)>1,1,""""),"""")",,STANDARD(s) USED:,,"=IF(BY3="""",CB6,IF(BY2=""INVALID ENTRY"",CB6,IF(BY3=""NTS-11"",""NTS11"",IF(BY3=""NTS-12"",""NTS12"",IF(BY3=""NTS-10"",""NTS10"",IF(BY3=""TTS-1"",""TTS1"",IF(BY3=""ST-6"",""ST6"",IF(BY3=""SP-1"",""SP1"",BY3))))))))",,Standard,"=IFERROR(IF(ABS(CB8-CB7)>2,1,""""),"""")","=IFERROR(IF(ABS(CB8-CB7)>1,1,""""),"""")",,STANDARD(s) USED:,,"=IF(CG3="""",CJ6,IF(CG2=""INVALID ENTRY"",CJ6,IF(CG3=""NTS-11"",""NTS11"",IF(CG3=""NTS-12"",""NTS12"",IF(CG3=""NTS-10"",""NTS10"",IF(CG3=""TTS-1"",""TTS1"",IF(CG3=""ST-6"",""ST6"",IF(CG3=""SP-1"",""SP1"",CG3))))))))",,Standard,,,,STANDARD(s) USED:,,"=IF(CO3="""",CR6,IF(CO2=""INVALID ENTRY"",CR6,IF(CO3=""NTS-11"",""NTS11"",IF(CO3=""NTS-12"",""NTS12"",IF(CO3=""NTS-10"",""NTS10"",IF(CO3=""TTS-1"",""TTS1"",IF(CO3=""ST-6"",""ST6"",IF(CO3=""SP-1"",""SP1"",CO3))))))))",,Standard,,,,STANDARD(s) USED:,,"=IF(CW3="""",CZ6,IF(CW2=""INVALID ENTRY"",CZ6,IF(CW3=""NTS-11"",""NTS11"",IF(CW3=""NTS-12"",""NTS12"",IF(CW3=""NTS-10"",""NTS10"",IF(CW3=""TTS-1"",""TTS1"",IF(CW3=""ST-6"",""ST6"",IF(CW3=""SP-1"",""SP1"",CW3))))))))",,Standard,,,,STANDARD(s) USED:,,"=IF(DE3="""",DH6,IF(DE2=""INVALID ENTRY"",DH6,IF(DE3=""NTS-11"",""NTS11"",IF(DE3=""NTS-12"",""NTS12"",IF(DE3=""NTS-10"",""NTS10"",IF(DE3=""TTS-1"",""TTS1"",IF(DE3=""ST-6"",""ST6"",IF(DE3=""SP-1"",""SP1"",DE3))))))))",,Standard,,,,STANDARD(s) USED:,,"=IF(DM3="""",DP6,IF(DM2=""INVALID ENTRY"",DP6,IF(DM3=""NTS-11"",""NTS11"",IF(DM3=""NTS-12"",""NTS12"",IF(DM3=""NTS-10"",""NTS10"",IF(DM3=""TTS-1"",""TTS1"",IF(DM3=""ST-6"",""ST6"",IF(DM3=""SP-1"",""SP1"",DM3))))))))",,Standard,,,,STANDARD(s) USED:,,"=IF(DU3="""",DX6,IF(DU2=""INVALID ENTRY"",DX6,IF(DU3=""NTS-11"",""NTS11"",IF(DU3=""NTS-12"",""NTS12"",IF(DU3=""NTS-10"",""NTS10"",IF(DU3=""TTS-1"",""TTS1"",IF(DU3=""ST-6"",""ST6"",IF(DU3=""SP-1"",""SP1"",DU3))))))))",,Standard,,,,STANDARD(s) USED:,,"=IF(EC3="""",EF6,IF(EC2=""INVALID ENTRY"",EF6,IF(EC3=""NTS-11"",""NTS11"",IF(EC3=""NTS-12"",""NTS12"",IF(EC3=""NTS-10"",""NTS10"",IF(EC3=""TTS-1"",""TTS1"",IF(EC3=""ST-6"",""ST6"",IF(EC3=""SP-1"",""SP1"",EC3))))))))",,Standard,,,,STANDARD(s) USED:,,"=IF(EK3="""",EN6,IF(EK2=""INVALID ENTRY"",EN6,IF(EK3=""NTS-11"",""NTS11"",IF(EK3=""NTS-12"",""NTS12"",IF(EK3=""NTS-10"",""NTS10"",IF(EK3=""TTS-1"",""TTS1"",IF(EK3=""ST-6"",""ST6"",IF(EK3=""SP-1"",""SP1"",EK3))))))))",,Standard,,,,STANDARD(s) USED:,,"=IF(ES3="""",EV6,IF(ES2=""INVALID ENTRY"",EV6,IF(ES3=""NTS-11"",""NTS11"",IF(ES3=""NTS-12"",""NTS12"",IF(ES3=""NTS-10"",""NTS10"",IF(ES3=""TTS-1"",""TTS1"",IF(ES3=""ST-6"",""ST6"",IF(ES3=""SP-1"",""SP1"",ES3))))))))",,Standard,,,,STANDARD(s) USED:,,"=IF(FA3="""",FD6,IF(FA2=""INVALID ENTRY"",FD6,IF(FA3=""NTS-11"",""NTS11"",IF(FA3=""NTS-12"",""NTS12"",IF(FA3=""NTS-10"",""NTS10"",IF(FA3=""TTS-1"",""TTS1"",IF(FA3=""ST-6"",""ST6"",IF(FA3=""SP-1"",""SP1"",FA3))))))))",,Standard,,
,Standard mvDC,,,,=formulas!E99,"=IFERROR(IF(ABS(H10-H9)>2,1,""""),"""")","=IFERROR(IF(ABS(H10-H9)>1,1,""""),"""")",,Standard mvDC,,,,=formulas!E117,"=IFERROR(IF(ABS(P10-P9)>2,1,""""),"""")","=IFERROR(IF(ABS(P10-P9)>1,1,""""),"""")",,Standard mvDC,,,,=formulas!E129,"=IFERROR(IF(ABS(X10-X9)>2,1,""""),"""")","=IFERROR(IF(ABS(X10-X9)>1,1,""""),"""")",,Standard mvDC,,,,=formulas!E141,"=IFERROR(IF(ABS(AF10-AF9)>2,1,""""),"""")","=IFERROR(IF(ABS(AF10-AF9)>1,1,""""),"""")",,Standard mvDC,,,,=formulas!E153,"=IFERROR(IF(ABS(AN10-AN9)>2,1,""""),"""")","=IFERROR(IF(ABS(AN10-AN9)>1,1,""""),"""")",,Standard mvDC,,,,=formulas!E165,"=IFERROR(IF(ABS(AV10-AV9)>2,1,""""),"""")","=IFERROR(IF(ABS(AV10-AV9)>1,1,""""),"""")",,Standard mvDC,,,,=formulas!E177,"=IFERROR(IF(ABS(BD10-BD9)>2,1,""""),"""")","=IFERROR(IF(ABS(BD10-BD9)>1,1,""""),"""")",,Standard mvDC,,,,=formulas!E189,"=IFERROR(IF(ABS(BL10-BL9)>2,1,""""),"""")","=IFERROR(IF(ABS(BL10-BL9)>1,1,""""),"""")",,Standard mvDC,,,,=formulas!E201,"=IFERROR(IF(ABS(BT10-BT9)>2,1,""""),"""")","=IFERROR(IF(ABS(BT10-BT9)>1,1,""""),"""")",,Standard mvDC,,,,=formulas!E213,"=IFERROR(IF(ABS(CB10-CB9)>2,1,""""),"""")","=IFERROR(IF(ABS(CB10-CB9)>1,1,""""),"""")",,Standard mvDC,,,,=formulas!E225,,,,Standard mvDC,,,,=formulas!E237,,,,Standard mvDC,,,,=formulas!E249,,,,Standard mvDC,,,,=formulas!E261,,,,Standard mvDC,,,,=formulas!E273,,,,Standard mvDC,,,,=formulas!E285,,,,Standard mvDC,,,,=formulas!E297,,,,Standard mvDC,,,,=formulas!E309,,,,Standard mvDC,,,,=formulas!E321,,,,Standard mvDC,,,,=formulas!E333,,
,,,T/C,,Unit Under Test (°F),1,,,,,T/C,,Unit Under Test (°F),1,,,,,T/C,,Unit Under Test (°F),1,,,,,T/C,,Unit Under Test (°F),"=IF(AND('CERTIFICATION WORKSHEET'!$Z$5=3,'CERTIFICATION WORKSHEET'!$X$3=TRUE),1,"""")",,,,,T/C,,Unit Under Test (°F),"=IF(AND('CERTIFICATION WORKSHEET'!$Z$5=3,'CERTIFICATION WORKSHEET'!$X$3=TRUE),1,"""")",,,,,T/C,,Unit Under Test (°F),"=IF(AND('CERTIFICATION WORKSHEET'!$Z$5=3,'CERTIFICATION WORKSHEET'!$X$3=TRUE),1,"""")",,,,,T/C,,Unit Under Test (°F),"=IF(AND('CERTIFICATION WORKSHEET'!$Z$5=3,'CERTIFICATION WORKSHEET'!$X$3=TRUE),1,"""")",,,,,T/C,,Unit Under Test (°F),"=IF(AND('CERTIFICATION WORKSHEET'!$Z$5=3,'CERTIFICATION WORKSHEET'!$X$3=TRUE),1,"""")",,,,,T/C,,Unit Under Test (°F),"=IF(AND('CERTIFICATION WORKSHEET'!$Z$5=3,'CERTIFICATION WORKSHEET'!$X$3=TRUE),1,"""")",,,,,T/C,,Unit Under Test (°F),"=IF(AND('CERTIFICATION WORKSHEET'!$Z$5=3,'CERTIFICATION WORKSHEET'!$X$3=TRUE),1,"""")",,,,,T/C,,Unit Under Test (°F),,,,,,T/C,,Unit Under Test (°F),,,,,,T/C,,Unit Under Test (°F),,,,,,T/C,,Unit Under Test (°F),,,,,,T/C,,Unit Under Test (°F),,,,,,T/C,,Unit Under Test (°F),,,,,,T/C,,Unit Under Test (°F),,,,,,T/C,,Unit Under Test (°F),,,,,,T/C,,Unit Under Test (°F),,,,,,T/C,,Unit Under Test (°F),,
Pg #s,,Serial Number,Type,,,,,,,Serial Number,Type,,,,,,,Serial Number,Type,,,,,,,Serial Number,Type,,,"=IF(AND('CERTIFICATION WORKSHEET'!$Z$5=3,'CERTIFICATION WORKSHEET'!$X$4=TRUE),1,"""")","=IF(AC1="""","""",IF(AND(AC1<>"""",AC1<=32),""PRT"",IF(AND(AC1>32,AC1<=1200),'Update Standards'!$I$14,IF(AND(AC1>1200,AC1<=2500),'Update Standards'!$I$20,""""))))",,,Serial Number,Type,,,"=IF(AND('CERTIFICATION WORKSHEET'!$Z$5=3,'CERTIFICATION WORKSHEET'!$X$4=TRUE),1,"""")","=IF(AK1="""","""",IF(AND(AK1<>"""",AK1<=32),""PRT"",IF(AND(AK1>32,AK1<=1200),'Update Standards'!$I$14,IF(AND(AK1>1200,AK1<=2500),'Update Standards'!$I$20,""""))))",,,Serial Number,Type,,,"=IF(AND('CERTIFICATION WORKSHEET'!$Z$5=3,'CERTIFICATION WORKSHEET'!$X$4=TRUE),1,"""")","=IF(AS1="""","""",IF(AND(AS1<>"""",AS1<=32),""PRT"",IF(AND(AS1>32,AS1<=1200),'Update Standards'!$I$14,IF(AND(AS1>1200,AS1<=2500),'Update Standards'!$I$20,""""))))",,,Serial Number,Type,,,"=IF(AND('CERTIFICATION WORKSHEET'!$Z$5=3,'CERTIFICATION WORKSHEET'!$X$4=TRUE),1,"""")","=IF(BA1="""","""",IF(AND(BA1<>"""",BA1<=32),""PRT"",IF(AND(BA1>32,BA1<=1200),'Update Standards'!$I$14,IF(AND(BA1>1200,BA1<=2500),'Update Standards'!$I$20,""""))))",,,Serial Number,Type,,,"=IF(AND('CERTIFICATION WORKSHEET'!$Z$5=3,'CERTIFICATION WORKSHEET'!$X$4=TRUE),1,"""")","=IF(BI1="""","""",IF(AND(BI1<>"""",BI1<=32),""PRT"",IF(AND(BI1>32,BI1<=1200),'Update Standards'!$I$14,IF(AND(BI1>1200,BI1<=2500),'Update Standards'!$I$20,""""))))",,,Serial Number,Type,,,"=IF(AND('CERTIFICATION WORKSHEET'!$Z$5=3,'CERTIFICATION WORKSHEET'!$X$4=TRUE),1,"""")","=IF(BQ1="""","""",IF(AND(BQ1<>"""",BQ1<=32),""PRT"",IF(AND(BQ1>32,BQ1<=1200),'Update Standards'!$I$14,IF(AND(BQ1>1200,BQ1<=2500),'Update Standards'!$I$20,""""))))",,,Serial Number,Type,,,"=IF(AND('CERTIFICATION WORKSHEET'!$Z$5=3,'CERTIFICATION WORKSHEET'!$X$4=TRUE),1,"""")","=IF(BY1="""","""",IF(AND(BY1<>"""",BY1<=32),""PRT"",IF(AND(BY1>32,BY1<=1200),'Update Standards'!$I$14,IF(AND(BY1>1200,BY1<=2500),'Update Standards'!$I$20,""""))))",,,Serial Number,Type,,,,"=IF(CG1="""","""",IF(AND(CG1<>"""",CG1<=32),""PRT"",IF(AND(CG1>32,CG1<=1200),'Update Standards'!$I$14,IF(AND(CG1>1200,CG1<=2500),'Update Standards'!$I$20,""""))))",,,Serial Number,Type,mvDC,,,"=IF(CO1="""","""",IF(AND(CO1<>"""",CO1<=32),""PRT"",IF(AND(CO1>32,CO1<=1200),'Update Standards'!$I$14,IF(AND(CO1>1200,CO1<=2500),'Update Standards'!$I$20,""""))))",,,Serial Number,Type,mvDC,,,"=IF(CW1="""","""",IF(AND(CW1<>"""",CW1<=32),""PRT"",IF(AND(CW1>32,CW1<=1200),'Update Standards'!$I$14,IF(AND(CW1>1200,CW1<=2500),'Update Standards'!$I$20,""""))))",,,Serial Number,Type,mvDC,,,"=IF(DE1="""","""",IF(AND(DE1<>"""",DE1<=32),""PRT"",IF(AND(DE1>32,DE1<=1200),'Update Standards'!$I$14,IF(AND(DE1>1200,DE1<=2500),'Update Standards'!$I$20,""""))))",,,Serial Number,Type,mvDC,,,"=IF(DM1="""","""",IF(AND(DM1<>"""",DM1<=32),""PRT"",IF(AND(DM1>32,DM1<=1200),'Update Standards'!$I$14,IF(AND(DM1>1200,DM1<=2500),'Update Standards'!$I$20,""""))))",,,Serial Number,Type,mvDC,,,"=IF(DU1="""","""",IF(AND(DU1<>"""",DU1<=32),""PRT"",IF(AND(DU1>32,DU1<=1200),'Update Standards'!$I$14,IF(AND(DU1>1200,DU1<=2500),'Update Standards'!$I$20,""""))))",,,Serial Number,Type,mvDC,,,"=IF(EC1="""","""",IF(AND(EC1<>"""",EC1<=32),""PRT"",IF(AND(EC1>32,EC1<=1200),'Update Standards'!$I$14,IF(AND(EC1>1200,EC1<=2500),'Update Standards'!$I$20,""""))))",,,Serial Number,Type,mvDC,,,"=IF(EK1="""","""",IF(AND(EK1<>"""",EK1<=32),""PRT"",IF(AND(EK1>32,EK1<=1200),'Update Standards'!$I$14,IF(AND(EK1>1200,EK1<=2500),'Update Standards'!$I$20,""""))))",,,Serial Number,Type,mvDC,,,"=IF(ES1="""","""",IF(AND(ES1<>"""",ES1<=32),""PRT"",IF(AND(ES1>32,ES1<=1200),'Update Standards'!$I$14,IF(AND(ES1>1200,ES1<=2500),'Update Standards'!$I$20,""""))))",,,Serial Number,Type,mvDC,,,"=IF(FA1="""","""",IF(AND(FA1<>"""",FA1<=32),""PRT"",IF(AND(FA1>32,FA1<=1200),'Update Standards'!$I$14,IF(AND(FA1>1200,FA1<=2500),'Update Standards'!$I$20,""""))))"
21,1,,,,=formulas!N90,,"=E$1-ROUND(G7,1)",=A7,=B7,"=IF(C7<>"""",C7,"""")","=IF(D7<>"""",D7,"""")",,=formulas!$N130,,"=IF(OR(ISERROR(M$1-O7),O7=""""),"""",M$1-ROUND(O7,1))",=A7,=B7,"=IF(K7<>"""",K7,"""")","=IF(L7<>"""",L7,"""")",,=formulas!$N150,,"=IF(OR(ISERROR(U$1-W7),W7=""""),"""",U$1-ROUND(W7,1))",=A7,=B7,"=IF(S7<>"""",S7,"""")","=IF(T7<>"""",T7,"""")",,=formulas!$N170,,"=IF(OR(ISERROR(AC$1-AE7),AE7=""""),"""",AC$1-ROUND(AE7,1))",=A7,1,"=IF(AA7<>"""",AA7,"""")","=IF(AB7<>"""",AB7,"""")",,=formulas!$N190,,"=IF(OR(ISERROR(AK$1-AM7),AM7=""""),"""",AK$1-ROUND(AM7,1))",=A7,5,,"=IF(AJ7<>"""",AJ7,"""")",,=formulas!N210,,"=IF(OR(ISERROR(AS$1-AU7),AU7=""""),"""",AS$1-ROUND(AU7,1))",=A7,=AP7,"=IF(AQ7<>"""",AQ7,"""")","=IF(AR7<>"""",AR7,"""")",,=formulas!N230,,"=IF(OR(ISERROR(BA$1-BC7),BC7=""""),"""",BA$1-ROUND(BC7,1))",=A7,=AX7,"=IF(AY7<>"""",AY7,"""")","=IF(AZ7<>"""",AZ7,"""")",,=formulas!N250,,"=IF(OR(ISERROR(BI$1-BK7),BK7=""""),"""",BI$1-ROUND(BK7,1))",=A7,=BF7,"=IF(BG7<>"""",BG7,"""")","=IF(BH7<>"""",BH7,"""")",,=formulas!N270,,"=IF(OR(ISERROR(BQ$1-BS7),BS7=""""),"""",BQ$1-ROUND(BS7,1))",=A7,=BN7,"=IF(BO7<>"""",BO7,"""")","=IF(BP7<>"""",BP7,"""")",,=formulas!N290,,"=IF(OR(ISERROR(BY$1-CA7),CA7=""""),"""",BY$1-ROUND(CA7,1))",=A7,9,"=IF(BW7<>"""",BW7,"""")","=IF(BX7<>"""",BX7,"""")",,=formulas!N310,,"=IF(OR(ISERROR(CG$1-CI7),CI7=""""),"""",CG$1-ROUND(CI7,1))",=A7,=CD7,"=IF(CE7<>"""",CE7,"""")","=IF(CF7<>"""",CF7,"""")",,=formulas!N330,,"=IF(OR(ISERROR(CO$1-CQ7),CQ7=""""),"""",CO$1-ROUND(CQ7,1))",=A7,=CL7,"=IF(CM7<>"""",CM7,"""")","=IF(CN7<>"""",CN7,"""")",,=formulas!N350,,"=IF(OR(ISERROR(CW$1-CY7),CY7=""""),"""",CW$1-ROUND(CY7,1))",=A7,=CT7,"=IF(CU7<>"""",CU7,"""")","=IF(CV7<>"""",CV7,"""")",,=formulas!N370,,"=IF(OR(ISERROR(DE$1-DG7),DG7=""""),"""",DE$1-ROUND(DG7,1))",=A7,=DB7,"=(IF(DC7<>"""",DC7,""""))","=IF(DD7<>"""",DD7,"""")",,=formulas!N390,,"=IF(OR(ISERROR(DM$1-DO7),DO7=""""),"""",DM$1-ROUND(DO7,1))",=A7,13,"=IF(DK7<>"""",DK7,"""")","=IF(DL7<>"""",DL7,"""")",,=formulas!N410,,"=IF(OR(ISERROR(DU$1-DW7),DW7=""""),"""",DU$1-ROUND(DW7,1))",=A7,=DR7,"=(IF(DS7<>"""",DS7,""""))","=IF(DT7<>"""",DT7,"""")",,=formulas!N430,,"=IF(OR(ISERROR(EC$1-EE7),EE7=""""),"""",EC$1-ROUND(EE7,1))",=A7,=DZ7,"=(IF(EA7<>"""",EA7,""""))","=IF(EB7<>"""",EB7,"""")",,=formulas!N450,,"=IF(OR(ISERROR(EK$1-EM7),EM7=""""),"""",EK$1-ROUND(EM7,1))",=A7,=EH7,"=(IF(EI7<>"""",EI7,""""))","=IF(EJ7<>"""",EJ7,"""")",,=formulas!N470,,"=IF(OR(ISERROR(ES$1-EU7),EU7=""""),"""",ES$1-ROUND(EU7,1))",=A7,=EP7,"=(IF(EQ7<>"""",EQ7,""""))","=IF(ER7<>"""",ER7,"""")",,=formulas!N490,,"=IF(OR(ISERROR(FA$1-FC7),FC7=""""),"""",FA$1-ROUND(FC7,1))"
22,1,,,,=formulas!N92,,"=IF(OR(ISERROR(E$1-G8),G8=""""),"""",E$1-ROUND(G8,1))",=A8,=B8,"=IF(C8<>"""",C8,"""")","=IF(D8<>"""",D8,"""")",,=formulas!$N131,,"=IF(OR(ISERROR(M$1-O8),O8=""""),"""",M$1-ROUND(O8,1))",=A8,=B8,"=IF(K8<>"""",K8,"""")","=IF(L8<>"""",L8,"""")",,=formulas!$N151,,"=IF(OR(ISERROR(U$1-W8),W8=""""),"""",U$1-ROUND(W8,1))",=A8,=B8,"=IF(S8<>"""",S8,"""")","=IF(T8<>"""",T8,"""")",,=formulas!$N171,,"=IF(OR(ISERROR(AC$1-AE8),AE8=""""),"""",AC$1-ROUND(AE8,1))",=A8,1,"=IF(AA8<>"""",AA8,"""")","=IF(AB8<>"""",AB8,"""")",,=formulas!$N191,,"=IF(OR(ISERROR(AK$1-AM8),AM8=""""),"""",AK$1-ROUND(AM8,1))",=A8,5,,"=IF(AJ8<>"""",AJ8,"""")",,=formulas!N211,,"=IF(OR(ISERROR(AS$1-AU8),AU8=""""),"""",AS$1-ROUND(AU8,1))",=A8,=AP8,"=IF(AQ8<>"""",AQ8,"""")","=IF(AR8<>"""",AR8,"""")",,=formulas!N231,,"=IF(OR(ISERROR(BA$1-BC8),BC8=""""),"""",BA$1-ROUND(BC8,1))",=A8,=AX8,"=IF(AY8<>"""",AY8,"""")","=IF(AZ8<>"""",AZ8,"""")",,=formulas!N251,,"=IF(OR(ISERROR(BI$1-BK8),BK8=""""),"""",BI$1-ROUND(BK8,1))",=A8,=BF8,"=IF(BG8<>"""",BG8,"""")","=IF(BH8<>"""",BH8,"""")",,=formulas!N271,,"=IF(OR(ISERROR(BQ$1-BS8),BS8=""""),"""",BQ$1-ROUND(BS8,1))",=A8,=BN8,"=IF(BO8<>"""",BO8,"""")","=IF(BP8<>"""",BP8,"""")",,=formulas!N291,,"=IF(OR(ISERROR(BY$1-CA8),CA8=""""),"""",BY$1-ROUND(CA8,1))",=A8,9,"=IF(BW8<>"""",BW8,"""")","=IF(BX8<>"""",BX8,"""")",,=formulas!N311,,"=IF(OR(ISERROR(CG$1-CI8),CI8=""""),"""",CG$1-ROUND(CI8,1))",=A8,=CD8,"=IF(CE8<>"""",CE8,"""")","=IF(CF8<>"""",CF8,"""")",,=formulas!N331,,"=IF(OR(ISERROR(CO$1-CQ8),CQ8=""""),"""",CO$1-ROUND(CQ8,1))",=A8,=CL8,"=IF(CM8<>"""",CM8,"""")","=IF(CN8<>"""",CN8,"""")",,=formulas!N351,,"=IF(OR(ISERROR(CW$1-CY8),CY8=""""),"""",CW$1-ROUND(CY8,1))",=A8,=CT8,"=IF(CU8<>"""",CU8,"""")","=IF(CV8<>"""",CV8,"""")",,=formulas!N371,,"=IF(OR(ISERROR(DE$1-DG8),DG8=""""),"""",DE$1-ROUND(DG8,1))",=A8,=DB8,"=(IF(DC8<>"""",DC8,""""))","=IF(DD8<>"""",DD8,"""")",,=formulas!N391,,"=IF(OR(ISERROR(DM$1-DO8),DO8=""""),"""",DM$1-ROUND(DO8,1))",=A8,13,"=IF(DK8<>"""",DK8,"""")","=IF(DL8<>"""",DL8,"""")",,=formulas!N411,,"=IF(OR(ISERROR(DU$1-DW8),DW8=""""),"""",DU$1-ROUND(DW8,1))",=A8,=DR8,"=(IF(DS8<>"""",DS8,""""))","=IF(DT8<>"""",DT8,"""")",,=formulas!N431,,"=IF(OR(ISERROR(EC$1-EE8),EE8=""""),"""",EC$1-ROUND(EE8,1))",=A8,=DZ8,"=(IF(EA8<>"""",EA8,""""))","=IF(EB8<>"""",EB8,"""")",,=formulas!N451,,"=IF(OR(ISERROR(EK$1-EM8),EM8=""""),"""",EK$1-ROUND(EM8,1))",=A8,=EH8,"=(IF(EI8<>"""",EI8,""""))","=IF(EJ8<>"""",EJ8,"""")",,=formulas!N471,,"=IF(OR(ISERROR(ES$1-EU8),EU8=""""),"""",ES$1-ROUND(EU8,1))",=A8,=EP8,"=(IF(EQ8<>"""",EQ8,""""))","=IF(ER8<>"""",ER8,"""")",,=formulas!N491,,"=IF(OR(ISERROR(FA$1-FC8),FC8=""""),"""",FA$1-ROUND(FC8,1))"
23,1,,,,=formulas!N94,,"=IF(OR(ISERROR(E$1-G9),G9=""""),"""",E$1-ROUND(G9,1))",=A9,=B9,"=IF(C9<>"""",C9,"""")","=IF(D9<>"""",D9,"""")",,=formulas!$N132,,"=IF(OR(ISERROR(M$1-O9),O9=""""),"""",M$1-ROUND(O9,1))",=A9,=B9,"=IF(K9<>"""",K9,"""")","=IF(L9<>"""",L9,"""")",,=formulas!$N152,,"=IF(OR(ISERROR(U$1-W9),W9=""""),"""",U$1-ROUND(W9,1))",=A9,=B9,"=IF(S9<>"""",S9,"""")","=IF(T9<>"""",T9,"""")",,=formulas!$N172,,"=IF(OR(ISERROR(AC$1-AE9),AE9=""""),"""",AC$1-ROUND(AE9,1))",=A9,1,"=IF(AA9<>"""",AA9,"""")","=IF(AB9<>"""",AB9,"""")",,=formulas!$N192,,"=IF(OR(ISERROR(AK$1-AM9),AM9=""""),"""",AK$1-ROUND(AM9,1))",=A9,5,,"=IF(AJ9<>"""",AJ9,"""")",,=formulas!N212,,"=IF(OR(ISERROR(AS$1-AU9),AU9=""""),"""",AS$1-ROUND(AU9,1))",=A9,=AP9,"=IF(AQ9<>"""",AQ9,"""")","=IF(AR9<>"""",AR9,"""")",,=formulas!N232,,"=IF(OR(ISERROR(BA$1-BC9),BC9=""""),"""",BA$1-ROUND(BC9,1))",=A9,=AX9,"=IF(AY9<>"""",AY9,"""")","=IF(AZ9<>"""",AZ9,"""")",,=formulas!N252,,"=IF(OR(ISERROR(BI$1-BK9),BK9=""""),"""",BI$1-ROUND(BK9,1))",=A9,=BF9,"=IF(BG9<>"""",BG9,"""")","=IF(BH9<>"""",BH9,"""")",,=formulas!N272,,"=IF(OR(ISERROR(BQ$1-BS9),BS9=""""),"""",BQ$1-ROUND(BS9,1))",=A9,=BN9,"=IF(BO9<>"""",BO9,"""")","=IF(BP9<>"""",BP9,"""")",,=formulas!N292,,"=IF(OR(ISERROR(BY$1-CA9),CA9=""""),"""",BY$1-ROUND(CA9,1))",=A9,9,"=IF(BW9<>"""",BW9,"""")","=IF(BX9<>"""",BX9,"""")",,=formulas!N312,,"=IF(OR(ISERROR(CG$1-CI9),CI9=""""),"""",CG$1-ROUND(CI9,1))",=A9,=CD9,"=IF(CE9<>"""",CE9,"""")","=IF(CF9<>"""",CF9,"""")",,=formulas!N332,,"=IF(OR(ISERROR(CO$1-CQ9),CQ9=""""),"""",CO$1-ROUND(CQ9,1))",=A9,=CL9,"=IF(CM9<>"""",CM9,"""")","=IF(CN9<>"""",CN9,"""")",,=formulas!N352,,"=IF(OR(ISERROR(CW$1-CY9),CY9=""""),"""",CW$1-ROUND(CY9,1))",=A9,=CT9,"=IF(CU9<>"""",CU9,"""")","=IF(CV9<>"""",CV9,"""")",,=formulas!N372,,"=IF(OR(ISERROR(DE$1-DG9),DG9=""""),"""",DE$1-ROUND(DG9,1))",=A9,=DB9,"=(IF(DC9<>"""",DC9,""""))","=IF(DD9<>"""",DD9,"""")",,=formulas!N392,,"=IF(OR(ISERROR(DM$1-DO9),DO9=""""),"""",DM$1-ROUND(DO9,1))",=A9,13,"=IF(DK9<>"""",DK9,"""")","=IF(DL9<>"""",DL9,"""")",,=formulas!N412,,"=IF(OR(ISERROR(DU$1-DW9),DW9=""""),"""",DU$1-ROUND(DW9,1))",=A9,=DR9,"=(IF(DS9<>"""",DS9,""""))","=IF(DT9<>"""",DT9,"""")",,=formulas!N432,,"=IF(OR(ISERROR(EC$1-EE9),EE9=""""),"""",EC$1-ROUND(EE9,1))",=A9,=DZ9,"=(IF(EA9<>"""",EA9,""""))","=IF(EB9<>"""",EB9,"""")",,=formulas!N452,,"=IF(OR(ISERROR(EK$1-EM9),EM9=""""),"""",EK$1-ROUND(EM9,1))",=A9,=EH9,"=(IF(EI9<>"""",EI9,""""))","=IF(EJ9<>"""",EJ9,"""")",,=formulas!N472,,"=IF(OR(ISERROR(ES$1-EU9),EU9=""""),"""",ES$1-ROUND(EU9,1))",=A9,=EP9,"=(IF(EQ9<>"""",EQ9,""""))","=IF(ER9<>"""",ER9,"""")",,=formulas!N492,,"=IF(OR(ISERROR(FA$1-FC9),FC9=""""),"""",FA$1-ROUND(FC9,1))"
24,1,,,,=formulas!N96,,"=IF(OR(ISERROR(E$1-G10),G10=""""),"""",E$1-ROUND(G10,1))",=A10,=B10,"=IF(C10<>"""",C10,"""")","=IF(D10<>"""",D10,"""")",,=formulas!$N133,,"=IF(OR(ISERROR(M$1-O10),O10=""""),"""",M$1-ROUND(O10,1))",=A10,=B10,"=IF(K10<>"""",K10,"""")","=IF(L10<>"""",L10,"""")",,=formulas!$N153,,"=IF(OR(ISERROR(U$1-W10),W10=""""),"""",U$1-ROUND(W10,1))",=A10,=B10,"=IF(S10<>"""",S10,"""")","=IF(T10<>"""",T10,"""")",,=formulas!$N173,,"=IF(OR(ISERROR(AC$1-AE10),AE10=""""),"""",AC$1-ROUND(AE10,1))",=A10,1,"=IF(AA10<>"""",AA10,"""")","=IF(AB10<>"""",AB10,"""")",,=formulas!$N193,,"=IF(OR(ISERROR(AK$1-AM10),AM10=""""),"""",AK$1-ROUND(AM10,1))",=A10,5,,"=IF(AJ10<>"""",AJ10,"""")",,=formulas!N213,,"=IF(OR(ISERROR(AS$1-AU10),AU10=""""),"""",AS$1-ROUND(AU10,1))",=A10,=AP10,"=IF(AQ10<>"""",AQ10,"""")","=IF(AR10<>"""",AR10,"""")",,=formulas!N233,,"=IF(OR(ISERROR(BA$1-BC10),BC10=""""),"""",BA$1-ROUND(BC10,1))",=A10,=AX10,"=IF(AY10<>"""",AY10,"""")","=IF(AZ10<>"""",AZ10,"""")",,=formulas!N253,,"=IF(OR(ISERROR(BI$1-BK10),BK10=""""),"""",BI$1-ROUND(BK10,1))",=A10,=BF10,"=IF(BG10<>"""",BG10,"""")","=IF(BH10<>"""",BH10,"""")",,=formulas!N273,,"=IF(OR(ISERROR(BQ$1-BS10),BS10=""""),"""",BQ$1-ROUND(BS10,1))",=A10,=BN10,"=IF(BO10<>"""",BO10,"""")","=IF(BP10<>"""",BP10,"""")",,=formulas!N293,,"=IF(OR(ISERROR(BY$1-CA10),CA10=""""),"""",BY$1-ROUND(CA10,1))",=A10,9,"=IF(BW10<>"""",BW10,"""")","=IF(BX10<>"""",BX10,"""")",,=formulas!N313,,"=IF(OR(ISERROR(CG$1-CI10),CI10=""""),"""",CG$1-ROUND(CI10,1))",=A10,=CD10,"=IF(CE10<>"""",CE10,"""")","=IF(CF10<>"""",CF10,"""")",,=formulas!N333,,"=IF(OR(ISERROR(CO$1-CQ10),CQ10=""""),"""",CO$1-ROUND(CQ10,1))",=A10,=CL10,"=IF(CM10<>"""",CM10,"""")","=IF(CN10<>"""",CN10,"""")",,=formulas!N353,,"=IF(OR(ISERROR(CW$1-CY10),CY10=""""),"""",CW$1-ROUND(CY10,1))",=A10,=CT10,"=IF(CU10<>"""",CU10,"""")","=IF(CV10<>"""",CV10,"""")",,=formulas!N373,,"=IF(OR(ISERROR(DE$1-DG10),DG10=""""),"""",DE$1-ROUND(DG10,1))",=A10,=DB10,"=(IF(DC10<>"""",DC10,""""))","=IF(DD10<>"""",DD10,"""")",,=formulas!N393,,"=IF(OR(ISERROR(DM$1-DO10),DO10=""""),"""",DM$1-ROUND(DO10,1))",=A10,13,"=IF(DK10<>"""",DK10,"""")","=IF(DL10<>"""",DL10,"""")",,=formulas!N413,,"=IF(OR(ISERROR(DU$1-DW10),DW10=""""),"""",DU$1-ROUND(DW10,1))",=A10,=DR10,"=(IF(DS10<>"""",DS10,""""))","=IF(DT10<>"""",DT10,"""")",,=formulas!N433,,"=IF(OR(ISERROR(EC$1-EE10),EE10=""""),"""",EC$1-ROUND(EE10,1))",=A10,=DZ10,"=(IF(EA10<>"""",EA10,""""))","=IF(EB10<>"""",EB10,"""")",,=formulas!N453,,"=IF(OR(ISERROR(EK$1-EM10),EM10=""""),"""",EK$1-ROUND(EM10,1))",=A10,=EH10,"=(IF(EI10<>"""",EI10,""""))","=IF(EJ10<>"""",EJ10,"""")",,=formulas!N473,,"=IF(OR(ISERROR(ES$1-EU10),EU10=""""),"""",ES$1-ROUND(EU10,1))",=A10,=EP10,"=(IF(EQ10<>"""",EQ10,""""))","=IF(ER10<>"""",ER10,"""")",,=formulas!N493,,"=IF(OR(ISERROR(FA$1-FC10),FC10=""""),"""",FA$1-ROUND(FC10,1))"
25,1,,,,=formulas!N98,,"=IF(OR(ISERROR(E$1-G11),G11=""""),"""",E$1-ROUND(G11,1))",=A11,=B11,"=IF(C11<>"""",C11,"""")","=IF(D11<>"""",D11,"""")",,=formulas!$N134,,"=IF(OR(ISERROR(M$1-O11),O11=""""),"""",M$1-ROUND(O11,1))",=A11,=B11,"=IF(K11<>"""",K11,"""")","=IF(L11<>"""",L11,"""")",,=formulas!$N154,,"=IF(OR(ISERROR(U$1-W11),W11=""""),"""",U$1-ROUND(W11,1))",=A11,=B11,"=IF(S11<>"""",S11,"""")","=IF(T11<>"""",T11,"""")",,=formulas!$N174,,"=IF(OR(ISERROR(AC$1-AE11),AE11=""""),"""",AC$1-ROUND(AE11,1))",=A11,1,"=IF(AA11<>"""",AA11,"""")","=IF(AB11<>"""",AB11,"""")",,=formulas!$N194,,"=IF(OR(ISERROR(AK$1-AM11),AM11=""""),"""",AK$1-ROUND(AM11,1))",=A11,5,,"=IF(AJ11<>"""",AJ11,"""")",,=formulas!N214,,"=IF(OR(ISERROR(AS$1-AU11),AU11=""""),"""",AS$1-ROUND(AU11,1))",=A11,=AP11,"=IF(AQ11<>"""",AQ11,"""")","=IF(AR11<>"""",AR11,"""")",,=formulas!N234,,"=IF(OR(ISERROR(BA$1-BC11),BC11=""""),"""",BA$1-ROUND(BC11,1))",=A11,=AX11,"=IF(AY11<>"""",AY11,"""")","=IF(AZ11<>"""",AZ11,"""")",,=formulas!N254,,"=IF(OR(ISERROR(BI$1-BK11),BK11=""""),"""",BI$1-ROUND(BK11,1))",=A11,=BF11,"=IF(BG11<>"""",BG11,"""")","=IF(BH11<>"""",BH11,"""")",,=formulas!N274,,"=IF(OR(ISERROR(BQ$1-BS11),BS11=""""),"""",BQ$1-ROUND(BS11,1))",=A11,=BN11,"=IF(BO11<>"""",BO11,"""")","=IF(BP11<>"""",BP11,"""")",,=formulas!N294,,"=IF(OR(ISERROR(BY$1-CA11),CA11=""""),"""",BY$1-ROUND(CA11,1))",=A11,9,"=IF(BW11<>"""",BW11,"""")","=IF(BX11<>"""",BX11,"""")",,=formulas!N314,,"=IF(OR(ISERROR(CG$1-CI11),CI11=""""),"""",CG$1-ROUND(CI11,1))",=A11,=CD11,"=IF(CE11<>"""",CE11,"""")","=IF(CF11<>"""",CF11,"""")",,=formulas!N334,,"=IF(OR(ISERROR(CO$1-CQ11),CQ11=""""),"""",CO$1-ROUND(CQ11,1))",=A11,=CL11,"=IF(CM11<>"""",CM11,"""")","=IF(CN11<>"""",CN11,"""")",,=formulas!N354,,"=IF(OR(ISERROR(CW$1-CY11),CY11=""""),"""",CW$1-ROUND(CY11,1))",=A11,=CT11,"=IF(CU11<>"""",CU11,"""")","=IF(CV11<>"""",CV11,"""")",,=formulas!N374,,"=IF(OR(ISERROR(DE$1-DG11),DG11=""""),"""",DE$1-ROUND(DG11,1))",=A11,=DB11,"=(IF(DC11<>"""",DC11,""""))","=IF(DD11<>"""",DD11,"""")",,=formulas!N394,,"=IF(OR(ISERROR(DM$1-DO11),DO11=""""),"""",DM$1-ROUND(DO11,1))",=A11,13,"=IF(DK11<>"""",DK11,"""")","=IF(DL11<>"""",DL11,"""")",,=formulas!N414,,"=IF(OR(ISERROR(DU$1-DW11),DW11=""""),"""",DU$1-ROUND(DW11,1))",=A11,=DR11,"=(IF(DS11<>"""",DS11,""""))","=IF(DT11<>"""",DT11,"""")",,=formulas!N434,,"=IF(OR(ISERROR(EC$1-EE11),EE11=""""),"""",EC$1-ROUND(EE11,1))",=A11,=DZ11,"=(IF(EA11<>"""",EA11,""""))","=IF(EB11<>"""",EB11,"""")",,=formulas!N454,,"=IF(OR(ISERROR(EK$1-EM11),EM11=""""),"""",EK$1-ROUND(EM11,1))",=A11,=EH11,"=(IF(EI11<>"""",EI11,""""))","=IF(EJ11<>"""",EJ11,"""")",,=formulas!N474,,"=IF(OR(ISERROR(ES$1-EU11),EU11=""""),"""",ES$1-ROUND(EU11,1))",=A11,=EP11,"=(IF(EQ11<>"""",EQ11,""""))","=IF(ER11<>"""",ER11,"""")",,=formulas!N494,,"=IF(OR(ISERROR(FA$1-FC11),FC11=""""),"""",FA$1-ROUND(FC11,1))"
26,2,,,,=formulas!N100,,"=IF(OR(ISERROR(E$1-G12),G12=""""),"""",E$1-ROUND(G12,1))",=A12,2,"=IF(C12<>"""",C12,"""")","=IF(D12<>"""",D12,"""")",,=formulas!$N135,,"=IF(OR(ISERROR(M$1-O12),O12=""""),"""",M$1-ROUND(O12,1))",=A12,2,"=IF(K12<>"""",K12,"""")","=IF(L12<>"""",L12,"""")",,=formulas!$N155,,"=IF(OR(ISERROR(U$1-W12),W12=""""),"""",U$1-ROUND(W12,1))",=A12,2,"=IF(S12<>"""",S12,"""")","=IF(T12<>"""",T12,"""")",,=formulas!$N175,,"=IF(OR(ISERROR(AC$1-AE12),AE12=""""),"""",AC$1-ROUND(AE12,1))",=A12,2,"=IF(AA12<>"""",AA12,"""")","=IF(AB12<>"""",AB12,"""")",,=formulas!$N195,,"=IF(OR(ISERROR(AK$1-AM12),AM12=""""),"""",AK$1-ROUND(AM12,1))",=A12,6,,"=IF(AJ12<>"""",AJ12,"""")",,=formulas!N215,,"=IF(OR(ISERROR(AS$1-AU12),AU12=""""),"""",AS$1-ROUND(AU12,1))",=A12,=AP12,"=IF(AQ12<>"""",AQ12,"""")","=IF(AR12<>"""",AR12,"""")",,=formulas!N235,,"=IF(OR(ISERROR(BA$1-BC12),BC12=""""),"""",BA$1-ROUND(BC12,1))",=A12,=AX12,"=IF(AY12<>"""",AY12,"""")","=IF(AZ12<>"""",AZ12,"""")",,=formulas!N255,,"=IF(OR(ISERROR(BI$1-BK12),BK12=""""),"""",BI$1-ROUND(BK12,1))",=A12,=BF12,"=IF(BG12<>"""",BG12,"""")","=IF(BH12<>"""",BH12,"""")",,=formulas!N275,,"=IF(OR(ISERROR(BQ$1-BS12),BS12=""""),"""",BQ$1-ROUND(BS12,1))",=A12,=BN12,"=IF(BO12<>"""",BO12,"""")","=IF(BP12<>"""",BP12,"""")",,=formulas!N295,,"=IF(OR(ISERROR(BY$1-CA12),CA12=""""),"""",BY$1-ROUND(CA12,1))",=A12,10,"=IF(BW12<>"""",BW12,"""")","=IF(BX12<>"""",BX12,"""")",,=formulas!N315,,"=IF(OR(ISERROR(CG$1-CI12),CI12=""""),"""",CG$1-ROUND(CI12,1))",=A12,=CD12,"=IF(CE12<>"""",CE12,"""")","=IF(CF12<>"""",CF12,"""")",,=formulas!N335,,"=IF(OR(ISERROR(CO$1-CQ12),CQ12=""""),"""",CO$1-ROUND(CQ12,1))",=A12,=CL12,"=IF(CM12<>"""",CM12,"""")","=IF(CN12<>"""",CN12,"""")",,=formulas!N355,,"=IF(OR(ISERROR(CW$1-CY12),CY12=""""),"""",CW$1-ROUND(CY12,1))",=A12,=CT12,"=IF(CU12<>"""",CU12,"""")","=IF(CV12<>"""",CV12,"""")",,=formulas!N375,,"=IF(OR(ISERROR(DE$1-DG12),DG12=""""),"""",DE$1-ROUND(DG12,1))",=A12,=DB12,"=(IF(DC12<>"""",DC12,""""))","=IF(DD12<>"""",DD12,"""")",,=formulas!N395,,"=IF(OR(ISERROR(DM$1-DO12),DO12=""""),"""",DM$1-ROUND(DO12,1))",=A12,14,"=IF(DK12<>"""",DK12,"""")","=IF(DL12<>"""",DL12,"""")",,=formulas!N415,,"=IF(OR(ISERROR(DU$1-DW12),DW12=""""),"""",DU$1-ROUND(DW12,1))",=A12,=DR12,"=(IF(DS12<>"""",DS12,""""))","=IF(DT12<>"""",DT12,"""")",,=formulas!N435,,"=IF(OR(ISERROR(EC$1-EE12),EE12=""""),"""",EC$1-ROUND(EE12,1))",=A12,=DZ12,"=(IF(EA12<>"""",EA12,""""))","=IF(EB12<>"""",EB12,"""")",,=formulas!N455,,"=IF(OR(ISERROR(EK$1-EM12),EM12=""""),"""",EK$1-ROUND(EM12,1))",=A12,=EH12,"=(IF(EI12<>"""",EI12,""""))","=IF(EJ12<>"""",EJ12,"""")",,=formulas!N475,,"=IF(OR(ISERROR(ES$1-EU12),EU12=""""),"""",ES$1-ROUND(EU12,1))",=A12,=EP12,"=(IF(EQ12<>"""",EQ12,""""))","=IF(ER12<>"""",ER12,"""")",,=formulas!N495,,"=IF(OR(ISERROR(FA$1-FC12),FC12=""""),"""",FA$1-ROUND(FC12,1))"
27,2,,,,=formulas!N102,,"=IF(OR(ISERROR(E$1-G13),G13=""""),"""",E$1-ROUND(G13,1))",=A13,2,"=IF(C13<>"""",C13,"""")","=IF(D13<>"""",D13,"""")",,=formulas!$N136,,"=IF(OR(ISERROR(M$1-O13),O13=""""),"""",M$1-ROUND(O13,1))",=A13,2,"=IF(K13<>"""",K13,"""")","=IF(L13<>"""",L13,"""")",,=formulas!$N156,,"=IF(OR(ISERROR(U$1-W13),W13=""""),"""",U$1-ROUND(W13,1))",=A13,2,"=IF(S13<>"""",S13,"""")","=IF(T13<>"""",T13,"""")",,=formulas!$N176,,"=IF(OR(ISERROR(AC$1-AE13),AE13=""""),"""",AC$1-ROUND(AE13,1))",=A13,2,"=IF(AA13<>"""",AA13,"""")","=IF(AB13<>"""",AB13,"""")",,=formulas!$N196,,"=IF(OR(ISERROR(AK$1-AM13),AM13=""""),"""",AK$1-ROUND(AM13,1))",=A13,6,,"=IF(AJ13<>"""",AJ13,"""")",,=formulas!N216,,"=IF(OR(ISERROR(AS$1-AU13),AU13=""""),"""",AS$1-ROUND(AU13,1))",=A13,=AP13,"=IF(AQ13<>"""",AQ13,"""")","=IF(AR13<>"""",AR13,"""")",,=formulas!N236,,"=IF(OR(ISERROR(BA$1-BC13),BC13=""""),"""",BA$1-ROUND(BC13,1))",=A13,=AX13,"=IF(AY13<>"""",AY13,"""")","=IF(AZ13<>"""",AZ13,"""")",,=formulas!N256,,"=IF(OR(ISERROR(BI$1-BK13),BK13=""""),"""",BI$1-ROUND(BK13,1))",=A13,=BF13,"=IF(BG13<>"""",BG13,"""")","=IF(BH13<>"""",BH13,"""")",,=formulas!N276,,"=IF(OR(ISERROR(BQ$1-BS13),BS13=""""),"""",BQ$1-ROUND(BS13,1))",=A13,=BN13,"=IF(BO13<>"""",BO13,"""")","=IF(BP13<>"""",BP13,"""")",,=formulas!N296,,"=IF(OR(ISERROR(BY$1-CA13),CA13=""""),"""",BY$1-ROUND(CA13,1))",=A13,10,"=IF(BW13<>"""",BW13,"""")","=IF(BX13<>"""",BX13,"""")",,=formulas!N316,,"=IF(OR(ISERROR(CG$1-CI13),CI13=""""),"""",CG$1-ROUND(CI13,1))",=A13,=CD13,"=IF(CE13<>"""",CE13,"""")","=IF(CF13<>"""",CF13,"""")",,=formulas!N336,,"=IF(OR(ISERROR(CO$1-CQ13),CQ13=""""),"""",CO$1-ROUND(CQ13,1))",=A13,=CL13,"=IF(CM13<>"""",CM13,"""")","=IF(CN13<>"""",CN13,"""")",,=formulas!N356,,"=IF(OR(ISERROR(CW$1-CY13),CY13=""""),"""",CW$1-ROUND(CY13,1))",=A13,=CT13,"=IF(CU13<>"""",CU13,"""")","=IF(CV13<>"""",CV13,"""")",,=formulas!N376,,"=IF(OR(ISERROR(DE$1-DG13),DG13=""""),"""",DE$1-ROUND(DG13,1))",=A13,=DB13,"=(IF(DC13<>"""",DC13,""""))","=IF(DD13<>"""",DD13,"""")",,=formulas!N396,,"=IF(OR(ISERROR(DM$1-DO13),DO13=""""),"""",DM$1-ROUND(DO13,1))",=A13,14,"=IF(DK13<>"""",DK13,"""")","=IF(DL13<>"""",DL13,"""")",,=formulas!N416,,"=IF(OR(ISERROR(DU$1-DW13),DW13=""""),"""",DU$1-ROUND(DW13,1))",=A13,=DR13,"=(IF(DS13<>"""",DS13,""""))","=IF(DT13<>"""",DT13,"""")",,=formulas!N436,,"=IF(OR(ISERROR(EC$1-EE13),EE13=""""),"""",EC$1-ROUND(EE13,1))",=A13,=DZ13,"=(IF(EA13<>"""",EA13,""""))","=IF(EB13<>"""",EB13,"""")",,=formulas!N456,,"=IF(OR(ISERROR(EK$1-EM13),EM13=""""),"""",EK$1-ROUND(EM13,1))",=A13,=EH13,"=(IF(EI13<>"""",EI13,""""))","=IF(EJ13<>"""",EJ13,"""")",,=formulas!N476,,"=IF(OR(ISERROR(ES$1-EU13),EU13=""""),"""",ES$1-ROUND(EU13,1))",=A13,=EP13,"=(IF(EQ13<>"""",EQ13,""""))","=IF(ER13<>"""",ER13,"""")",,=formulas!N496,,"=IF(OR(ISERROR(FA$1-FC13),FC13=""""),"""",FA$1-ROUND(FC13,1))"
28,2,,,,=formulas!N104,,"=IF(OR(ISERROR(E$1-G14),G14=""""),"""",E$1-ROUND(G14,1))",=A14,2,"=IF(C14<>"""",C14,"""")","=IF(D14<>"""",D14,"""")",,=formulas!$N137,,"=IF(OR(ISERROR(M$1-O14),O14=""""),"""",M$1-ROUND(O14,1))",=A14,2,"=IF(K14<>"""",K14,"""")","=IF(L14<>"""",L14,"""")",,=formulas!$N157,,"=IF(OR(ISERROR(U$1-W14),W14=""""),"""",U$1-ROUND(W14,1))",=A14,2,"=IF(S14<>"""",S14,"""")","=IF(T14<>"""",T14,"""")",,=formulas!$N177,,"=IF(OR(ISERROR(AC$1-AE14),AE14=""""),"""",AC$1-ROUND(AE14,1))",=A14,2,"=IF(AA14<>"""",AA14,"""")","=IF(AB14<>"""",AB14,"""")",,=formulas!$N197,,"=IF(OR(ISERROR(AK$1-AM14),AM14=""""),"""",AK$1-ROUND(AM14,1))",=A14,6,,"=IF(AJ14<>"""",AJ14,"""")",,=formulas!N217,,"=IF(OR(ISERROR(AS$1-AU14),AU14=""""),"""",AS$1-ROUND(AU14,1))",=A14,=AP14,"=IF(AQ14<>"""",AQ14,"""")","=IF(AR14<>"""",AR14,"""")",,=formulas!N237,,"=IF(OR(ISERROR(BA$1-BC14),BC14=""""),"""",BA$1-ROUND(BC14,1))",=A14,=AX14,"=IF(AY14<>"""",AY14,"""")","=IF(AZ14<>"""",AZ14,"""")",,=formulas!N257,,"=IF(OR(ISERROR(BI$1-BK14),BK14=""""),"""",BI$1-ROUND(BK14,1))",=A14,=BF14,"=IF(BG14<>"""",BG14,"""")","=IF(BH14<>"""",BH14,"""")",,=formulas!N277,,"=IF(OR(ISERROR(BQ$1-BS14),BS14=""""),"""",BQ$1-ROUND(BS14,1))",=A14,=BN14,"=IF(BO14<>"""",BO14,"""")","=IF(BP14<>"""",BP14,"""")",,=formulas!N297,,"=IF(OR(ISERROR(BY$1-CA14),CA14=""""),"""",BY$1-ROUND(CA14,1))",=A14,10,"=IF(BW14<>"""",BW14,"""")","=IF(BX14<>"""",BX14,"""")",,=formulas!N317,,"=IF(OR(ISERROR(CG$1-CI14),CI14=""""),"""",CG$1-ROUND(CI14,1))",=A14,=CD14,"=IF(CE14<>"""",CE14,"""")","=IF(CF14<>"""",CF14,"""")",,=formulas!N337,,"=IF(OR(ISERROR(CO$1-CQ14),CQ14=""""),"""",CO$1-ROUND(CQ14,1))",=A14,=CL14,"=IF(CM14<>"""",CM14,"""")","=IF(CN14<>"""",CN14,"""")",,=formulas!N357,,"=IF(OR(ISERROR(CW$1-CY14),CY14=""""),"""",CW$1-ROUND(CY14,1))",=A14,=CT14,"=IF(CU14<>"""",CU14,"""")","=IF(CV14<>"""",CV14,"""")",,=formulas!N377,,"=IF(OR(ISERROR(DE$1-DG14),DG14=""""),"""",DE$1-ROUND(DG14,1))",=A14,=DB14,"=(IF(DC14<>"""",DC14,""""))","=IF(DD14<>"""",DD14,"""")",,=formulas!N397,,"=IF(OR(ISERROR(DM$1-DO14),DO14=""""),"""",DM$1-ROUND(DO14,1))",=A14,14,"=IF(DK14<>"""",DK14,"""")","=IF(DL14<>"""",DL14,"""")",,=formulas!N417,,"=IF(OR(ISERROR(DU$1-DW14),DW14=""""),"""",DU$1-ROUND(DW14,1))",=A14,=DR14,"=(IF(DS14<>"""",DS14,""""))","=IF(DT14<>"""",DT14,"""")",,=formulas!N437,,"=IF(OR(ISERROR(EC$1-EE14),EE14=""""),"""",EC$1-ROUND(EE14,1))",=A14,=DZ14,"=(IF(EA14<>"""",EA14,""""))","=IF(EB14<>"""",EB14,"""")",,=formulas!N457,,"=IF(OR(ISERROR(EK$1-EM14),EM14=""""),"""",EK$1-ROUND(EM14,1))",=A14,=EH14,"=(IF(EI14<>"""",EI14,""""))","=IF(EJ14<>"""",EJ14,"""")",,=formulas!N477,,"=IF(OR(ISERROR(ES$1-EU14),EU14=""""),"""",ES$1-ROUND(EU14,1))",=A14,=EP14,"=(IF(EQ14<>"""",EQ14,""""))","=IF(ER14<>"""",ER14,"""")",,=formulas!N497,,"=IF(OR(ISERROR(FA$1-FC14),FC14=""""),"""",FA$1-ROUND(FC14,1))"
29,2,,,,=formulas!N106,,"=IF(OR(ISERROR(E$1-G15),G15=""""),"""",E$1-ROUND(G15,1))",=A15,2,"=IF(C15<>"""",C15,"""")","=IF(D15<>"""",D15,"""")",,=formulas!$N138,,"=IF(OR(ISERROR(M$1-O15),O15=""""),"""",M$1-ROUND(O15,1))",=A15,2,"=IF(K15<>"""",K15,"""")","=IF(L15<>"""",L15,"""")",,=formulas!$N158,,"=IF(OR(ISERROR(U$1-W15),W15=""""),"""",U$1-ROUND(W15,1))",=A15,2,"=IF(S15<>"""",S15,"""")","=IF(T15<>"""",T15,"""")",,=formulas!$N178,,"=IF(OR(ISERROR(AC$1-AE15),AE15=""""),"""",AC$1-ROUND(AE15,1))",=A15,2,"=IF(AA15<>"""",AA15,"""")","=IF(AB15<>"""",AB15,"""")",,=formulas!$N198,,"=IF(OR(ISERROR(AK$1-AM15),AM15=""""),"""",AK$1-ROUND(AM15,1))",=A15,6,,"=IF(AJ15<>"""",AJ15,"""")",,=formulas!N218,,"=IF(OR(ISERROR(AS$1-AU15),AU15=""""),"""",AS$1-ROUND(AU15,1))",=A15,=AP15,"=IF(AQ15<>"""",AQ15,"""")","=IF(AR15<>"""",AR15,"""")",,=formulas!N238,,"=IF(OR(ISERROR(BA$1-BC15),BC15=""""),"""",BA$1-ROUND(BC15,1))",=A15,=AX15,"=IF(AY15<>"""",AY15,"""")","=IF(AZ15<>"""",AZ15,"""")",,=formulas!N258,,"=IF(OR(ISERROR(BI$1-BK15),BK15=""""),"""",BI$1-ROUND(BK15,1))",=A15,=BF15,"=IF(BG15<>"""",BG15,"""")","=IF(BH15<>"""",BH15,"""")",,=formulas!N278,,"=IF(OR(ISERROR(BQ$1-BS15),BS15=""""),"""",BQ$1-ROUND(BS15,1))",=A15,=BN15,"=IF(BO15<>"""",BO15,"""")","=IF(BP15<>"""",BP15,"""")",,=formulas!N298,,"=IF(OR(ISERROR(BY$1-CA15),CA15=""""),"""",BY$1-ROUND(CA15,1))",=A15,10,"=IF(BW15<>"""",BW15,"""")","=IF(BX15<>"""",BX15,"""")",,=formulas!N318,,"=IF(OR(ISERROR(CG$1-CI15),CI15=""""),"""",CG$1-ROUND(CI15,1))",=A15,=CD15,"=IF(CE15<>"""",CE15,"""")","=IF(CF15<>"""",CF15,"""")",,=formulas!N338,,"=IF(OR(ISERROR(CO$1-CQ15),CQ15=""""),"""",CO$1-ROUND(CQ15,1))",=A15,=CL15,"=IF(CM15<>"""",CM15,"""")","=IF(CN15<>"""",CN15,"""")",,=formulas!N358,,"=IF(OR(ISERROR(CW$1-CY15),CY15=""""),"""",CW$1-ROUND(CY15,1))",=A15,=CT15,"=IF(CU15<>"""",CU15,"""")","=IF(CV15<>"""",CV15,"""")",,=formulas!N378,,"=IF(OR(ISERROR(DE$1-DG15),DG15=""""),"""",DE$1-ROUND(DG15,1))",=A15,=DB15,"=(IF(DC15<>"""",DC15,""""))","=IF(DD15<>"""",DD15,"""")",,=formulas!N398,,"=IF(OR(ISERROR(DM$1-DO15),DO15=""""),"""",DM$1-ROUND(DO15,1))",=A15,14,"=IF(DK15<>"""",DK15,"""")","=IF(DL15<>"""",DL15,"""")",,=formulas!N418,,"=IF(OR(ISERROR(DU$1-DW15),DW15=""""),"""",DU$1-ROUND(DW15,1))",=A15,=DR15,"=(IF(DS15<>"""",DS15,""""))","=IF(DT15<>"""",DT15,"""")",,=formulas!N438,,"=IF(OR(ISERROR(EC$1-EE15),EE15=""""),"""",EC$1-ROUND(EE15,1))",=A15,=DZ15,"=(IF(EA15<>"""",EA15,""""))","=IF(EB15<>"""",EB15,"""")",,=formulas!N458,,"=IF(OR(ISERROR(EK$1-EM15),EM15=""""),"""",EK$1-ROUND(EM15,1))",=A15,=EH15,"=(IF(EI15<>"""",EI15,""""))","=IF(EJ15<>"""",EJ15,"""")",,=formulas!N478,,"=IF(OR(ISERROR(ES$1-EU15),EU15=""""),"""",ES$1-ROUND(EU15,1))",=A15,=EP15,"=(IF(EQ15<>"""",EQ15,""""))","=IF(ER15<>"""",ER15,"""")",,=formulas!N498,,"=IF(OR(ISERROR(FA$1-FC15),FC15=""""),"""",FA$1-ROUND(FC15,1))"
30,2,,,,=formulas!N108,,"=IF(OR(ISERROR(E$1-G16),G16=""""),"""",E$1-ROUND(G16,1))",=A16,2,"=IF(C16<>"""",C16,"""")","=IF(D16<>"""",D16,"""")",,=formulas!$N139,,"=IF(OR(ISERROR(M$1-O16),O16=""""),"""",M$1-ROUND(O16,1))",=A16,2,"=IF(K16<>"""",K16,"""")","=IF(L16<>"""",L16,"""")",,=formulas!$N159,,"=IF(OR(ISERROR(U$1-W16),W16=""""),"""",U$1-ROUND(W16,1))",=A16,2,"=IF(S16<>"""",S16,"""")","=IF(T16<>"""",T16,"""")",,=formulas!$N179,,"=IF(OR(ISERROR(AC$1-AE16),AE16=""""),"""",AC$1-ROUND(AE16,1))",=A16,2,"=IF(AA16<>"""",AA16,"""")","=IF(AB16<>"""",AB16,"""")",,=formulas!$N199,,"=IF(OR(ISERROR(AK$1-AM16),AM16=""""),"""",AK$1-ROUND(AM16,1))",=A16,6,,"=IF(AJ16<>"""",AJ16,"""")",,=formulas!N219,,"=IF(OR(ISERROR(AS$1-AU16),AU16=""""),"""",AS$1-ROUND(AU16,1))",=A16,=AP16,"=IF(AQ16<>"""",AQ16,"""")","=IF(AR16<>"""",AR16,"""")",,=formulas!N239,,"=IF(OR(ISERROR(BA$1-BC16),BC16=""""),"""",BA$1-ROUND(BC16,1))",=A16,=AX16,"=IF(AY16<>"""",AY16,"""")","=IF(AZ16<>"""",AZ16,"""")",,=formulas!N259,,"=IF(OR(ISERROR(BI$1-BK16),BK16=""""),"""",BI$1-ROUND(BK16,1))",=A16,=BF16,"=IF(BG16<>"""",BG16,"""")","=IF(BH16<>"""",BH16,"""")",,=formulas!N279,,"=IF(OR(ISERROR(BQ$1-BS16),BS16=""""),"""",BQ$1-ROUND(BS16,1))",=A16,=BN16,"=IF(BO16<>"""",BO16,"""")","=IF(BP16<>"""",BP16,"""")",,=formulas!N299,,"=IF(OR(ISERROR(BY$1-CA16),CA16=""""),"""",BY$1-ROUND(CA16,1))",=A16,10,"=IF(BW16<>"""",BW16,"""")","=IF(BX16<>"""",BX16,"""")",,=formulas!N319,,"=IF(OR(ISERROR(CG$1-CI16),CI16=""""),"""",CG$1-ROUND(CI16,1))",=A16,=CD16,"=IF(CE16<>"""",CE16,"""")","=IF(CF16<>"""",CF16,"""")",,=formulas!N339,,"=IF(OR(ISERROR(CO$1-CQ16),CQ16=""""),"""",CO$1-ROUND(CQ16,1))",=A16,=CL16,"=IF(CM16<>"""",CM16,"""")","=IF(CN16<>"""",CN16,"""")",,=formulas!N359,,"=IF(OR(ISERROR(CW$1-CY16),CY16=""""),"""",CW$1-ROUND(CY16,1))",=A16,=CT16,"=IF(CU16<>"""",CU16,"""")","=IF(CV16<>"""",CV16,"""")",,=formulas!N379,,"=IF(OR(ISERROR(DE$1-DG16),DG16=""""),"""",DE$1-ROUND(DG16,1))",=A16,=DB16,"=(IF(DC16<>"""",DC16,""""))","=IF(DD16<>"""",DD16,"""")",,=formulas!N399,,"=IF(OR(ISERROR(DM$1-DO16),DO16=""""),"""",DM$1-ROUND(DO16,1))",=A16,14,"=IF(DK16<>"""",DK16,"""")","=IF(DL16<>"""",DL16,"""")",,=formulas!N419,,"=IF(OR(ISERROR(DU$1-DW16),DW16=""""),"""",DU$1-ROUND(DW16,1))",=A16,=DR16,"=(IF(DS16<>"""",DS16,""""))","=IF(DT16<>"""",DT16,"""")",,=formulas!N439,,"=IF(OR(ISERROR(EC$1-EE16),EE16=""""),"""",EC$1-ROUND(EE16,1))",=A16,=DZ16,"=(IF(EA16<>"""",EA16,""""))","=IF(EB16<>"""",EB16,"""")",,=formulas!N459,,"=IF(OR(ISERROR(EK$1-EM16),EM16=""""),"""",EK$1-ROUND(EM16,1))",=A16,=EH16,"=(IF(EI16<>"""",EI16,""""))","=IF(EJ16<>"""",EJ16,"""")",,=formulas!N479,,"=IF(OR(ISERROR(ES$1-EU16),EU16=""""),"""",ES$1-ROUND(EU16,1))",=A16,=EP16,"=(IF(EQ16<>"""",EQ16,""""))","=IF(ER16<>"""",ER16,"""")",,=formulas!N499,,"=IF(OR(ISERROR(FA$1-FC16),FC16=""""),"""",FA$1-ROUND(FC16,1))"
31,3,,,,=formulas!N110,,"=IF(OR(ISERROR(E$1-G17),G17=""""),"""",E$1-ROUND(G17,1))",=A17,3,"=IF(C17<>"""",C17,"""")","=IF(D17<>"""",D17,"""")",,=formulas!$N140,,"=IF(OR(ISERROR(M$1-O17),O17=""""),"""",M$1-ROUND(O17,1))",=A17,3,"=IF(K17<>"""",K17,"""")","=IF(L17<>"""",L17,"""")",,=formulas!$N160,,"=IF(OR(ISERROR(U$1-W17),W17=""""),"""",U$1-ROUND(W17,1))",=A17,3,"=IF(S17<>"""",S17,"""")","=IF(T17<>"""",T17,"""")",,=formulas!$N180,,"=IF(OR(ISERROR(AC$1-AE17),AE17=""""),"""",AC$1-ROUND(AE17,1))",=A17,3,"=IF(AA17<>"""",AA17,"""")","=IF(AB17<>"""",AB17,"""")",,=formulas!$N200,,"=IF(OR(ISERROR(AK$1-AM17),AM17=""""),"""",AK$1-ROUND(AM17,1))",=A17,7,,"=IF(AJ17<>"""",AJ17,"""")",,=formulas!N220,,"=IF(OR(ISERROR(AS$1-AU17),AU17=""""),"""",AS$1-ROUND(AU17,1))",=A17,=AP17,"=IF(AQ17<>"""",AQ17,"""")","=IF(AR17<>"""",AR17,"""")",,=formulas!N240,,"=IF(OR(ISERROR(BA$1-BC17),BC17=""""),"""",BA$1-ROUND(BC17,1))",=A17,=AX17,"=IF(AY17<>"""",AY17,"""")","=IF(AZ17<>"""",AZ17,"""")",,=formulas!N260,,"=IF(OR(ISERROR(BI$1-BK17),BK17=""""),"""",BI$1-ROUND(BK17,1))",=A17,=BF17,"=IF(BG17<>"""",BG17,"""")","=IF(BH17<>"""",BH17,"""")",,=formulas!N280,,"=IF(OR(ISERROR(BQ$1-BS17),BS17=""""),"""",BQ$1-ROUND(BS17,1))",=A17,=BN17,"=IF(BO17<>"""",BO17,"""")","=IF(BP17<>"""",BP17,"""")",,=formulas!N300,,"=IF(OR(ISERROR(BY$1-CA17),CA17=""""),"""",BY$1-ROUND(CA17,1))",=A17,11,"=IF(BW17<>"""",BW17,"""")","=IF(BX17<>"""",BX17,"""")",,=formulas!N320,,"=IF(OR(ISERROR(CG$1-CI17),CI17=""""),"""",CG$1-ROUND(CI17,1))",=A17,=CD17,"=IF(CE17<>"""",CE17,"""")","=IF(CF17<>"""",CF17,"""")",,=formulas!N340,,"=IF(OR(ISERROR(CO$1-CQ17),CQ17=""""),"""",CO$1-ROUND(CQ17,1))",=A17,=CL17,"=IF(CM17<>"""",CM17,"""")","=IF(CN17<>"""",CN17,"""")",,=formulas!N360,,"=IF(OR(ISERROR(CW$1-CY17),CY17=""""),"""",CW$1-ROUND(CY17,1))",=A17,=CT17,"=IF(CU17<>"""",CU17,"""")","=IF(CV17<>"""",CV17,"""")",,=formulas!N380,,"=IF(OR(ISERROR(DE$1-DG17),DG17=""""),"""",DE$1-ROUND(DG17,1))",=A17,=DB17,"=(IF(DC17<>"""",DC17,""""))","=IF(DD17<>"""",DD17,"""")",,=formulas!N400,,"=IF(OR(ISERROR(DM$1-DO17),DO17=""""),"""",DM$1-ROUND(DO17,1))",=A17,15,"=IF(DK17<>"""",DK17,"""")","=IF(DL17<>"""",DL17,"""")",,=formulas!N420,,"=IF(OR(ISERROR(DU$1-DW17),DW17=""""),"""",DU$1-ROUND(DW17,1))",=A17,=DR17,"=(IF(DS17<>"""",DS17,""""))","=IF(DT17<>"""",DT17,"""")",,=formulas!N440,,"=IF(OR(ISERROR(EC$1-EE17),EE17=""""),"""",EC$1-ROUND(EE17,1))",=A17,=DZ17,"=(IF(EA17<>"""",EA17,""""))","=IF(EB17<>"""",EB17,"""")",,=formulas!N460,,"=IF(OR(ISERROR(EK$1-EM17),EM17=""""),"""",EK$1-ROUND(EM17,1))",=A17,=EH17,"=(IF(EI17<>"""",EI17,""""))","=IF(EJ17<>"""",EJ17,"""")",,=formulas!N480,,"=IF(OR(ISERROR(ES$1-EU17),EU17=""""),"""",ES$1-ROUND(EU17,1))",=A17,=EP17,"=(IF(EQ17<>"""",EQ17,""""))","=IF(ER17<>"""",ER17,"""")",,=formulas!N500,,"=IF(OR(ISERROR(FA$1-FC17),FC17=""""),"""",FA$1-ROUND(FC17,1))"
32,3,,,,=formulas!N112,,"=IF(OR(ISERROR(E$1-G18),G18=""""),"""",E$1-ROUND(G18,1))",=A18,3,"=IF(C18<>"""",C18,"""")","=IF(D18<>"""",D18,"""")",,=formulas!$N141,,"=IF(OR(ISERROR(M$1-O18),O18=""""),"""",M$1-ROUND(O18,1))",=A18,3,"=IF(K18<>"""",K18,"""")","=IF(L18<>"""",L18,"""")",,=formulas!$N161,,"=IF(OR(ISERROR(U$1-W18),W18=""""),"""",U$1-ROUND(W18,1))",=A18,3,"=IF(S18<>"""",S18,"""")","=IF(T18<>"""",T18,"""")",,=formulas!$N181,,"=IF(OR(ISERROR(AC$1-AE18),AE18=""""),"""",AC$1-ROUND(AE18,1))",=A18,3,"=IF(AA18<>"""",AA18,"""")","=IF(AB18<>"""",AB18,"""")",,=formulas!$N201,,"=IF(OR(ISERROR(AK$1-AM18),AM18=""""),"""",AK$1-ROUND(AM18,1))",=A18,7,,"=IF(AJ18<>"""",AJ18,"""")",,=formulas!N221,,"=IF(OR(ISERROR(AS$1-AU18),AU18=""""),"""",AS$1-ROUND(AU18,1))",=A18,=AP18,"=IF(AQ18<>"""",AQ18,"""")","=IF(AR18<>"""",AR18,"""")",,=formulas!N241,,"=IF(OR(ISERROR(BA$1-BC18),BC18=""""),"""",BA$1-ROUND(BC18,1))",=A18,=AX18,"=IF(AY18<>"""",AY18,"""")","=IF(AZ18<>"""",AZ18,"""")",,=formulas!N261,,"=IF(OR(ISERROR(BI$1-BK18),BK18=""""),"""",BI$1-ROUND(BK18,1))",=A18,=BF18,"=IF(BG18<>"""",BG18,"""")","=IF(BH18<>"""",BH18,"""")",,=formulas!N281,,"=IF(OR(ISERROR(BQ$1-BS18),BS18=""""),"""",BQ$1-ROUND(BS18,1))",=A18,=BN18,"=IF(BO18<>"""",BO18,"""")","=IF(BP18<>"""",BP18,"""")",,=formulas!N301,,"=IF(OR(ISERROR(BY$1-CA18),CA18=""""),"""",BY$1-ROUND(CA18,1))",=A18,11,"=IF(BW18<>"""",BW18,"""")","=IF(BX18<>"""",BX18,"""")",,=formulas!N321,,"=IF(OR(ISERROR(CG$1-CI18),CI18=""""),"""",CG$1-ROUND(CI18,1))",=A18,=CD18,"=IF(CE18<>"""",CE18,"""")","=IF(CF18<>"""",CF18,"""")",,=formulas!N341,,"=IF(OR(ISERROR(CO$1-CQ18),CQ18=""""),"""",CO$1-ROUND(CQ18,1))",=A18,=CL18,"=IF(CM18<>"""",CM18,"""")","=IF(CN18<>"""",CN18,"""")",,=formulas!N361,,"=IF(OR(ISERROR(CW$1-CY18),CY18=""""),"""",CW$1-ROUND(CY18,1))",=A18,=CT18,"=IF(CU18<>"""",CU18,"""")","=IF(CV18<>"""",CV18,"""")",,=formulas!N381,,"=IF(OR(ISERROR(DE$1-DG18),DG18=""""),"""",DE$1-ROUND(DG18,1))",=A18,=DB18,"=(IF(DC18<>"""",DC18,""""))","=IF(DD18<>"""",DD18,"""")",,=formulas!N401,,"=IF(OR(ISERROR(DM$1-DO18),DO18=""""),"""",DM$1-ROUND(DO18,1))",=A18,15,"=IF(DK18<>"""",DK18,"""")","=IF(DL18<>"""",DL18,"""")",,=formulas!N421,,"=IF(OR(ISERROR(DU$1-DW18),DW18=""""),"""",DU$1-ROUND(DW18,1))",=A18,=DR18,"=(IF(DS18<>"""",DS18,""""))","=IF(DT18<>"""",DT18,"""")",,=formulas!N441,,"=IF(OR(ISERROR(EC$1-EE18),EE18=""""),"""",EC$1-ROUND(EE18,1))",=A18,=DZ18,"=(IF(EA18<>"""",EA18,""""))","=IF(EB18<>"""",EB18,"""")",,=formulas!N461,,"=IF(OR(ISERROR(EK$1-EM18),EM18=""""),"""",EK$1-ROUND(EM18,1))",=A18,=EH18,"=(IF(EI18<>"""",EI18,""""))","=IF(EJ18<>"""",EJ18,"""")",,=formulas!N481,,"=IF(OR(ISERROR(ES$1-EU18),EU18=""""),"""",ES$1-ROUND(EU18,1))",=A18,=EP18,"=(IF(EQ18<>"""",EQ18,""""))","=IF(ER18<>"""",ER18,"""")",,=formulas!N501,,"=IF(OR(ISERROR(FA$1-FC18),FC18=""""),"""",FA$1-ROUND(FC18,1))"
33,3,,,,=formulas!N114,,"=IF(OR(ISERROR(E$1-G19),G19=""""),"""",E$1-ROUND(G19,1))",=A19,3,"=IF(C19<>"""",C19,"""")","=IF(D19<>"""",D19,"""")",,=formulas!$N142,,"=IF(OR(ISERROR(M$1-O19),O19=""""),"""",M$1-ROUND(O19,1))",=A19,3,"=IF(K19<>"""",K19,"""")","=IF(L19<>"""",L19,"""")",,=formulas!$N162,,"=IF(OR(ISERROR(U$1-W19),W19=""""),"""",U$1-ROUND(W19,1))",=A19,3,"=IF(S19<>"""",S19,"""")","=IF(T19<>"""",T19,"""")",,=formulas!$N182,,"=IF(OR(ISERROR(AC$1-AE19),AE19=""""),"""",AC$1-ROUND(AE19,1))",=A19,3,"=IF(AA19<>"""",AA19,"""")","=IF(AB19<>"""",AB19,"""")",,=formulas!$N202,,"=IF(OR(ISERROR(AK$1-AM19),AM19=""""),"""",AK$1-ROUND(AM19,1))",=A19,7,,"=IF(AJ19<>"""",AJ19,"""")",,=formulas!N222,,"=IF(OR(ISERROR(AS$1-AU19),AU19=""""),"""",AS$1-ROUND(AU19,1))",=A19,=AP19,"=IF(AQ19<>"""",AQ19,"""")","=IF(AR19<>"""",AR19,"""")",,=formulas!N242,,"=IF(OR(ISERROR(BA$1-BC19),BC19=""""),"""",BA$1-ROUND(BC19,1))",=A19,=AX19,"=IF(AY19<>"""",AY19,"""")","=IF(AZ19<>"""",AZ19,"""")",,=formulas!N262,,"=IF(OR(ISERROR(BI$1-BK19),BK19=""""),"""",BI$1-ROUND(BK19,1))",=A19,=BF19,"=IF(BG19<>"""",BG19,"""")","=IF(BH19<>"""",BH19,"""")",,=formulas!N282,,"=IF(OR(ISERROR(BQ$1-BS19),BS19=""""),"""",BQ$1-ROUND(BS19,1))",=A19,=BN19,"=IF(BO19<>"""",BO19,"""")","=IF(BP19<>"""",BP19,"""")",,=formulas!N302,,"=IF(OR(ISERROR(BY$1-CA19),CA19=""""),"""",BY$1-ROUND(CA19,1))",=A19,11,"=IF(BW19<>"""",BW19,"""")","=IF(BX19<>"""",BX19,"""")",,=formulas!N322,,"=IF(OR(ISERROR(CG$1-CI19),CI19=""""),"""",CG$1-ROUND(CI19,1))",=A19,=CD19,"=IF(CE19<>"""",CE19,"""")","=IF(CF19<>"""",CF19,"""")",,=formulas!N342,,"=IF(OR(ISERROR(CO$1-CQ19),CQ19=""""),"""",CO$1-ROUND(CQ19,1))",=A19,=CL19,"=IF(CM19<>"""",CM19,"""")","=IF(CN19<>"""",CN19,"""")",,=formulas!N362,,"=IF(OR(ISERROR(CW$1-CY19),CY19=""""),"""",CW$1-ROUND(CY19,1))",=A19,=CT19,"=IF(CU19<>"""",CU19,"""")","=IF(CV19<>"""",CV19,"""")",,=formulas!N382,,"=IF(OR(ISERROR(DE$1-DG19),DG19=""""),"""",DE$1-ROUND(DG19,1))",=A19,=DB19,"=(IF(DC19<>"""",DC19,""""))","=IF(DD19<>"""",DD19,"""")",,=formulas!N402,,"=IF(OR(ISERROR(DM$1-DO19),DO19=""""),"""",DM$1-ROUND(DO19,1))",=A19,15,"=IF(DK19<>"""",DK19,"""")","=IF(DL19<>"""",DL19,"""")",,=formulas!N422,,"=IF(OR(ISERROR(DU$1-DW19),DW19=""""),"""",DU$1-ROUND(DW19,1))",=A19,=DR19,"=(IF(DS19<>"""",DS19,""""))","=IF(DT19<>"""",DT19,"""")",,=formulas!N442,,"=IF(OR(ISERROR(EC$1-EE19),EE19=""""),"""",EC$1-ROUND(EE19,1))",=A19,=DZ19,"=(IF(EA19<>"""",EA19,""""))","=IF(EB19<>"""",EB19,"""")",,=formulas!N462,,"=IF(OR(ISERROR(EK$1-EM19),EM19=""""),"""",EK$1-ROUND(EM19,1))",=A19,=EH19,"=(IF(EI19<>"""",EI19,""""))","=IF(EJ19<>"""",EJ19,"""")",,=formulas!N482,,"=IF(OR(ISERROR(ES$1-EU19),EU19=""""),"""",ES$1-ROUND(EU19,1))",=A19,=EP19,"=(IF(EQ19<>"""",EQ19,""""))","=IF(ER19<>"""",ER19,"""")",,=formulas!N502,,"=IF(OR(ISERROR(FA$1-FC19),FC19=""""),"""",FA$1-ROUND(FC19,1))"
34,3,,,,=formulas!N116,,"=IF(OR(ISERROR(E$1-G20),G20=""""),"""",E$1-ROUND(G20,1))",=A20,3,"=IF(C20<>"""",C20,"""")","=IF(D20<>"""",D20,"""")",,=formulas!$N143,,"=IF(OR(ISERROR(M$1-O20),O20=""""),"""",M$1-ROUND(O20,1))",=A20,3,"=IF(K20<>"""",K20,"""")","=IF(L20<>"""",L20,"""")",,=formulas!$N163,,"=IF(OR(ISERROR(U$1-W20),W20=""""),"""",U$1-ROUND(W20,1))",=A20,3,"=IF(S20<>"""",S20,"""")","=IF(T20<>"""",T20,"""")",,=formulas!$N183,,"=IF(OR(ISERROR(AC$1-AE20),AE20=""""),"""",AC$1-ROUND(AE20,1))",=A20,3,"=IF(AA20<>"""",AA20,"""")","=IF(AB20<>"""",AB20,"""")",,=formulas!$N203,,"=IF(OR(ISERROR(AK$1-AM20),AM20=""""),"""",AK$1-ROUND(AM20,1))",=A20,7,,"=IF(AJ20<>"""",AJ20,"""")",,=formulas!N223,,"=IF(OR(ISERROR(AS$1-AU20),AU20=""""),"""",AS$1-ROUND(AU20,1))",=A20,=AP20,"=IF(AQ20<>"""",AQ20,"""")","=IF(AR20<>"""",AR20,"""")",,=formulas!N243,,"=IF(OR(ISERROR(BA$1-BC20),BC20=""""),"""",BA$1-ROUND(BC20,1))",=A20,=AX20,"=IF(AY20<>"""",AY20,"""")","=IF(AZ20<>"""",AZ20,"""")",,=formulas!N263,,"=IF(OR(ISERROR(BI$1-BK20),BK20=""""),"""",BI$1-ROUND(BK20,1))",=A20,=BF20,"=IF(BG20<>"""",BG20,"""")","=IF(BH20<>"""",BH20,"""")",,=formulas!N283,,"=IF(OR(ISERROR(BQ$1-BS20),BS20=""""),"""",BQ$1-ROUND(BS20,1))",=A20,=BN20,"=IF(BO20<>"""",BO20,"""")","=IF(BP20<>"""",BP20,"""")",,=formulas!N303,,"=IF(OR(ISERROR(BY$1-CA20),CA20=""""),"""",BY$1-ROUND(CA20,1))",=A20,11,"=IF(BW20<>"""",BW20,"""")","=IF(BX20<>"""",BX20,"""")",,=formulas!N323,,"=IF(OR(ISERROR(CG$1-CI20),CI20=""""),"""",CG$1-ROUND(CI20,1))",=A20,=CD20,"=IF(CE20<>"""",CE20,"""")","=IF(CF20<>"""",CF20,"""")",,=formulas!N343,,"=IF(OR(ISERROR(CO$1-CQ20),CQ20=""""),"""",CO$1-ROUND(CQ20,1))",=A20,=CL20,"=IF(CM20<>"""",CM20,"""")","=IF(CN20<>"""",CN20,"""")",,=formulas!N363,,"=IF(OR(ISERROR(CW$1-CY20),CY20=""""),"""",CW$1-ROUND(CY20,1))",=A20,=CT20,"=IF(CU20<>"""",CU20,"""")","=IF(CV20<>"""",CV20,"""")",,=formulas!N383,,"=IF(OR(ISERROR(DE$1-DG20),DG20=""""),"""",DE$1-ROUND(DG20,1))",=A20,=DB20,"=(IF(DC20<>"""",DC20,""""))","=IF(DD20<>"""",DD20,"""")",,=formulas!N403,,"=IF(OR(ISERROR(DM$1-DO20),DO20=""""),"""",DM$1-ROUND(DO20,1))",=A20,15,"=IF(DK20<>"""",DK20,"""")","=IF(DL20<>"""",DL20,"""")",,=formulas!N423,,"=IF(OR(ISERROR(DU$1-DW20),DW20=""""),"""",DU$1-ROUND(DW20,1))",=A20,=DR20,"=(IF(DS20<>"""",DS20,""""))","=IF(DT20<>"""",DT20,"""")",,=formulas!N443,,"=IF(OR(ISERROR(EC$1-EE20),EE20=""""),"""",EC$1-ROUND(EE20,1))",=A20,=DZ20,"=(IF(EA20<>"""",EA20,""""))","=IF(EB20<>"""",EB20,"""")",,=formulas!N463,,"=IF(OR(ISERROR(EK$1-EM20),EM20=""""),"""",EK$1-ROUND(EM20,1))",=A20,=EH20,"=(IF(EI20<>"""",EI20,""""))","=IF(EJ20<>"""",EJ20,"""")",,=formulas!N483,,"=IF(OR(ISERROR(ES$1-EU20),EU20=""""),"""",ES$1-ROUND(EU20,1))",=A20,=EP20,"=(IF(EQ20<>"""",EQ20,""""))","=IF(ER20<>"""",ER20,"""")",,=formulas!N503,,"=IF(OR(ISERROR(FA$1-FC20),FC20=""""),"""",FA$1-ROUND(FC20,1))"
35,3,,,,=formulas!N118,,"=IF(OR(ISERROR(E$1-G21),G21=""""),"""",E$1-ROUND(G21,1))",=A21,3,"=IF(C21<>"""",C21,"""")","=IF(D21<>"""",D21,"""")",,=formulas!$N144,,"=IF(OR(ISERROR(M$1-O21),O21=""""),"""",M$1-ROUND(O21,1))",=A21,3,"=IF(K21<>"""",K21,"""")","=IF(L21<>"""",L21,"""")",,=formulas!$N164,,"=IF(OR(ISERROR(U$1-W21),W21=""""),"""",U$1-ROUND(W21,1))",=A21,3,"=IF(S21<>"""",S21,"""")","=IF(T21<>"""",T21,"""")",,=formulas!$N184,,"=IF(OR(ISERROR(AC$1-AE21),AE21=""""),"""",AC$1-ROUND(AE21,1))",=A21,3,"=IF(AA21<>"""",AA21,"""")","=IF(AB21<>"""",AB21,"""")",,=formulas!$N204,,"=IF(OR(ISERROR(AK$1-AM21),AM21=""""),"""",AK$1-ROUND(AM21,1))",=A21,7,,"=IF(AJ21<>"""",AJ21,"""")",,=formulas!N224,,"=IF(OR(ISERROR(AS$1-AU21),AU21=""""),"""",AS$1-ROUND(AU21,1))",=A21,=AP21,"=IF(AQ21<>"""",AQ21,"""")","=IF(AR21<>"""",AR21,"""")",,=formulas!N244,,"=IF(OR(ISERROR(BA$1-BC21),BC21=""""),"""",BA$1-ROUND(BC21,1))",=A21,=AX21,"=IF(AY21<>"""",AY21,"""")","=IF(AZ21<>"""",AZ21,"""")",,=formulas!N264,,"=IF(OR(ISERROR(BI$1-BK21),BK21=""""),"""",BI$1-ROUND(BK21,1))",=A21,=BF21,"=IF(BG21<>"""",BG21,"""")","=IF(BH21<>"""",BH21,"""")",,=formulas!N284,,"=IF(OR(ISERROR(BQ$1-BS21),BS21=""""),"""",BQ$1-ROUND(BS21,1))",=A21,=BN21,"=IF(BO21<>"""",BO21,"""")","=IF(BP21<>"""",BP21,"""")",,=formulas!N304,,"=IF(OR(ISERROR(BY$1-CA21),CA21=""""),"""",BY$1-ROUND(CA21,1))",=A21,11,"=IF(BW21<>"""",BW21,"""")","=IF(BX21<>"""",BX21,"""")",,=formulas!N324,,"=IF(OR(ISERROR(CG$1-CI21),CI21=""""),"""",CG$1-ROUND(CI21,1))",=A21,=CD21,"=IF(CE21<>"""",CE21,"""")","=IF(CF21<>"""",CF21,"""")",,=formulas!N344,,"=IF(OR(ISERROR(CO$1-CQ21),CQ21=""""),"""",CO$1-ROUND(CQ21,1))",=A21,=CL21,"=IF(CM21<>"""",CM21,"""")","=IF(CN21<>"""",CN21,"""")",,=formulas!N364,,"=IF(OR(ISERROR(CW$1-CY21),CY21=""""),"""",CW$1-ROUND(CY21,1))",=A21,=CT21,"=IF(CU21<>"""",CU21,"""")","=IF(CV21<>"""",CV21,"""")",,=formulas!N384,,"=IF(OR(ISERROR(DE$1-DG21),DG21=""""),"""",DE$1-ROUND(DG21,1))",=A21,=DB21,"=(IF(DC21<>"""",DC21,""""))","=IF(DD21<>"""",DD21,"""")",,=formulas!N404,,"=IF(OR(ISERROR(DM$1-DO21),DO21=""""),"""",DM$1-ROUND(DO21,1))",=A21,15,"=IF(DK21<>"""",DK21,"""")","=IF(DL21<>"""",DL21,"""")",,=formulas!N424,,"=IF(OR(ISERROR(DU$1-DW21),DW21=""""),"""",DU$1-ROUND(DW21,1))",=A21,=DR21,"=(IF(DS21<>"""",DS21,""""))","=IF(DT21<>"""",DT21,"""")",,=formulas!N444,,"=IF(OR(ISERROR(EC$1-EE21),EE21=""""),"""",EC$1-ROUND(EE21,1))",=A21,=DZ21,"=(IF(EA21<>"""",EA21,""""))","=IF(EB21<>"""",EB21,"""")",,=formulas!N464,,"=IF(OR(ISERROR(EK$1-EM21),EM21=""""),"""",EK$1-ROUND(EM21,1))",=A21,=EH21,"=(IF(EI21<>"""",EI21,""""))","=IF(EJ21<>"""",EJ21,"""")",,=formulas!N484,,"=IF(OR(ISERROR(ES$1-EU21),EU21=""""),"""",ES$1-ROUND(EU21,1))",=A21,=EP21,"=(IF(EQ21<>"""",EQ21,""""))","=IF(ER21<>"""",ER21,"""")",,=formulas!N504,,"=IF(OR(ISERROR(FA$1-FC21),FC21=""""),"""",FA$1-ROUND(FC21,1))"
36,4,,,,=formulas!N120,,"=IF(OR(ISERROR(E$1-G22),G22=""""),"""",E$1-ROUND(G22,1))",=A22,4,"=IF(C22<>"""",C22,"""")","=IF(D22<>"""",D22,"""")",,=formulas!$N145,,"=IF(OR(ISERROR(M$1-O22),O22=""""),"""",M$1-ROUND(O22,1))",=A22,4,"=IF(K22<>"""",K22,"""")","=IF(L22<>"""",L22,"""")",,=formulas!$N165,,"=IF(OR(ISERROR(U$1-W22),W22=""""),"""",U$1-ROUND(W22,1))",=A22,4,"=IF(S22<>"""",S22,"""")","=IF(T22<>"""",T22,"""")",,=formulas!$N185,,"=IF(OR(ISERROR(AC$1-AE22),AE22=""""),"""",AC$1-ROUND(AE22,1))",=A22,4,"=IF(AA22<>"""",AA22,"""")","=IF(AB22<>"""",AB22,"""")",,=formulas!$N205,,"=IF(OR(ISERROR(AK$1-AM22),AM22=""""),"""",AK$1-ROUND(AM22,1))",=A22,8,,"=IF(AJ22<>"""",AJ22,"""")",,=formulas!N225,,"=IF(OR(ISERROR(AS$1-AU22),AU22=""""),"""",AS$1-ROUND(AU22,1))",=A22,=AP22,"=IF(AQ22<>"""",AQ22,"""")","=IF(AR22<>"""",AR22,"""")",,=formulas!N245,,"=IF(OR(ISERROR(BA$1-BC22),BC22=""""),"""",BA$1-ROUND(BC22,1))",=A22,=AX22,"=IF(AY22<>"""",AY22,"""")","=IF(AZ22<>"""",AZ22,"""")",,=formulas!N265,,"=IF(OR(ISERROR(BI$1-BK22),BK22=""""),"""",BI$1-ROUND(BK22,1))",=A22,=BF22,"=IF(BG22<>"""",BG22,"""")","=IF(BH22<>"""",BH22,"""")",,=formulas!N285,,"=IF(OR(ISERROR(BQ$1-BS22),BS22=""""),"""",BQ$1-ROUND(BS22,1))",=A22,=BN22,"=IF(BO22<>"""",BO22,"""")","=IF(BP22<>"""",BP22,"""")",,=formulas!N305,,"=IF(OR(ISERROR(BY$1-CA22),CA22=""""),"""",BY$1-ROUND(CA22,1))",=A22,12,"=IF(BW22<>"""",BW22,"""")","=IF(BX22<>"""",BX22,"""")",,=formulas!N325,,"=IF(OR(ISERROR(CG$1-CI22),CI22=""""),"""",CG$1-ROUND(CI22,1))",=A22,=CD22,"=IF(CE22<>"""",CE22,"""")","=IF(CF22<>"""",CF22,"""")",,=formulas!N345,,"=IF(OR(ISERROR(CO$1-CQ22),CQ22=""""),"""",CO$1-ROUND(CQ22,1))",=A22,=CL22,"=IF(CM22<>"""",CM22,"""")","=IF(CN22<>"""",CN22,"""")",,=formulas!N365,,"=IF(OR(ISERROR(CW$1-CY22),CY22=""""),"""",CW$1-ROUND(CY22,1))",=A22,=CT22,"=IF(CU22<>"""",CU22,"""")","=IF(CV22<>"""",CV22,"""")",,=formulas!N385,,"=IF(OR(ISERROR(DE$1-DG22),DG22=""""),"""",DE$1-ROUND(DG22,1))",=A22,=DB22,"=(IF(DC22<>"""",DC22,""""))","=IF(DD22<>"""",DD22,"""")",,=formulas!N405,,"=IF(OR(ISERROR(DM$1-DO22),DO22=""""),"""",DM$1-ROUND(DO22,1))",=A22,16,"=IF(DK22<>"""",DK22,"""")","=IF(DL22<>"""",DL22,"""")",,=formulas!N425,,"=IF(OR(ISERROR(DU$1-DW22),DW22=""""),"""",DU$1-ROUND(DW22,1))",=A22,=DR22,"=(IF(DS22<>"""",DS22,""""))","=IF(DT22<>"""",DT22,"""")",,=formulas!N445,,"=IF(OR(ISERROR(EC$1-EE22),EE22=""""),"""",EC$1-ROUND(EE22,1))",=A22,=DZ22,"=(IF(EA22<>"""",EA22,""""))","=IF(EB22<>"""",EB22,"""")",,=formulas!N465,,"=IF(OR(ISERROR(EK$1-EM22),EM22=""""),"""",EK$1-ROUND(EM22,1))",=A22,=EH22,"=(IF(EI22<>"""",EI22,""""))","=IF(EJ22<>"""",EJ22,"""")",,=formulas!N485,,"=IF(OR(ISERROR(ES$1-EU22),EU22=""""),"""",ES$1-ROUND(EU22,1))",=A22,=EP22,"=(IF(EQ22<>"""",EQ22,""""))","=IF(ER22<>"""",ER22,"""")",,=formulas!N505,,"=IF(OR(ISERROR(FA$1-FC22),FC22=""""),"""",FA$1-ROUND(FC22,1))"
37,4,,,,=formulas!N122,,"=IF(OR(ISERROR(E$1-G23),G23=""""),"""",E$1-ROUND(G23,1))",=A23,4,"=IF(C23<>"""",C23,"""")","=IF(D23<>"""",D23,"""")",,=formulas!$N146,,"=IF(OR(ISERROR(M$1-O23),O23=""""),"""",M$1-ROUND(O23,1))",=A23,4,"=IF(K23<>"""",K23,"""")","=IF(L23<>"""",L23,"""")",,=formulas!$N166,,"=IF(OR(ISERROR(U$1-W23),W23=""""),"""",U$1-ROUND(W23,1))",=A23,4,"=IF(S23<>"""",S23,"""")","=IF(T23<>"""",T23,"""")",,=formulas!$N186,,"=IF(OR(ISERROR(AC$1-AE23),AE23=""""),"""",AC$1-ROUND(AE23,1))",=A23,4,"=IF(AA23<>"""",AA23,"""")","=IF(AB23<>"""",AB23,"""")",,=formulas!$N206,,"=IF(OR(ISERROR(AK$1-AM23),AM23=""""),"""",AK$1-ROUND(AM23,1))",=A23,8,,"=IF(AJ23<>"""",AJ23,"""")",,=formulas!N226,,"=IF(OR(ISERROR(AS$1-AU23),AU23=""""),"""",AS$1-ROUND(AU23,1))",=A23,=AP23,"=IF(AQ23<>"""",AQ23,"""")","=IF(AR23<>"""",AR23,"""")",,=formulas!N246,,"=IF(OR(ISERROR(BA$1-BC23),BC23=""""),"""",BA$1-ROUND(BC23,1))",=A23,=AX23,"=IF(AY23<>"""",AY23,"""")","=IF(AZ23<>"""",AZ23,"""")",,=formulas!N266,,"=IF(OR(ISERROR(BI$1-BK23),BK23=""""),"""",BI$1-ROUND(BK23,1))",=A23,=BF23,"=IF(BG23<>"""",BG23,"""")","=IF(BH23<>"""",BH23,"""")",,=formulas!N286,,"=IF(OR(ISERROR(BQ$1-BS23),BS23=""""),"""",BQ$1-ROUND(BS23,1))",=A23,=BN23,"=IF(BO23<>"""",BO23,"""")","=IF(BP23<>"""",BP23,"""")",,=formulas!N306,,"=IF(OR(ISERROR(BY$1-CA23),CA23=""""),"""",BY$1-ROUND(CA23,1))",=A23,12,"=IF(BW23<>"""",BW23,"""")","=IF(BX23<>"""",BX23,"""")",,=formulas!N326,,"=IF(OR(ISERROR(CG$1-CI23),CI23=""""),"""",CG$1-ROUND(CI23,1))",=A23,=CD23,"=IF(CE23<>"""",CE23,"""")","=IF(CF23<>"""",CF23,"""")",,=formulas!N346,,"=IF(OR(ISERROR(CO$1-CQ23),CQ23=""""),"""",CO$1-ROUND(CQ23,1))",=A23,=CL23,"=IF(CM23<>"""",CM23,"""")","=IF(CN23<>"""",CN23,"""")",,=formulas!N366,,"=IF(OR(ISERROR(CW$1-CY23),CY23=""""),"""",CW$1-ROUND(CY23,1))",=A23,=CT23,"=IF(CU23<>"""",CU23,"""")","=IF(CV23<>"""",CV23,"""")",,=formulas!N386,,"=IF(OR(ISERROR(DE$1-DG23),DG23=""""),"""",DE$1-ROUND(DG23,1))",=A23,=DB23,"=(IF(DC23<>"""",DC23,""""))","=IF(DD23<>"""",DD23,"""")",,=formulas!N406,,"=IF(OR(ISERROR(DM$1-DO23),DO23=""""),"""",DM$1-ROUND(DO23,1))",=A23,16,"=IF(DK23<>"""",DK23,"""")","=IF(DL23<>"""",DL23,"""")",,=formulas!N426,,"=IF(OR(ISERROR(DU$1-DW23),DW23=""""),"""",DU$1-ROUND(DW23,1))",=A23,=DR23,"=(IF(DS23<>"""",DS23,""""))","=IF(DT23<>"""",DT23,"""")",,=formulas!N446,,"=IF(OR(ISERROR(EC$1-EE23),EE23=""""),"""",EC$1-ROUND(EE23,1))",=A23,=DZ23,"=(IF(EA23<>"""",EA23,""""))","=IF(EB23<>"""",EB23,"""")",,=formulas!N466,,"=IF(OR(ISERROR(EK$1-EM23),EM23=""""),"""",EK$1-ROUND(EM23,1))",=A23,=EH23,"=(IF(EI23<>"""",EI23,""""))","=IF(EJ23<>"""",EJ23,"""")",,=formulas!N486,,"=IF(OR(ISERROR(ES$1-EU23),EU23=""""),"""",ES$1-ROUND(EU23,1))",=A23,=EP23,"=(IF(EQ23<>"""",EQ23,""""))","=IF(ER23<>"""",ER23,"""")",,=formulas!N506,,"=IF(OR(ISERROR(FA$1-FC23),FC23=""""),"""",FA$1-ROUND(FC23,1))"
38,4,,,,=formulas!N124,,"=IF(OR(ISERROR(E$1-G24),G24=""""),"""",E$1-ROUND(G24,1))",=A24,4,"=IF(C24<>"""",C24,"""")","=IF(D24<>"""",D24,"""")",,=formulas!$N147,,"=IF(OR(ISERROR(M$1-O24),O24=""""),"""",M$1-ROUND(O24,1))",=A24,4,"=IF(K24<>"""",K24,"""")","=IF(L24<>"""",L24,"""")",,=formulas!$N167,,"=IF(OR(ISERROR(U$1-W24),W24=""""),"""",U$1-ROUND(W24,1))",=A24,4,"=IF(S24<>"""",S24,"""")","=IF(T24<>"""",T24,"""")",,=formulas!$N187,,"=IF(OR(ISERROR(AC$1-AE24),AE24=""""),"""",AC$1-ROUND(AE24,1))",=A24,4,"=IF(AA24<>"""",AA24,"""")","=IF(AB24<>"""",AB24,"""")",,=formulas!$N207,,"=IF(OR(ISERROR(AK$1-AM24),AM24=""""),"""",AK$1-ROUND(AM24,1))",=A24,8,,"=IF(AJ24<>"""",AJ24,"""")",,=formulas!N227,,"=IF(OR(ISERROR(AS$1-AU24),AU24=""""),"""",AS$1-ROUND(AU24,1))",=A24,=AP24,"=IF(AQ24<>"""",AQ24,"""")","=IF(AR24<>"""",AR24,"""")",,=formulas!N247,,"=IF(OR(ISERROR(BA$1-BC24),BC24=""""),"""",BA$1-ROUND(BC24,1))",=A24,=AX24,"=IF(AY24<>"""",AY24,"""")","=IF(AZ24<>"""",AZ24,"""")",,=formulas!N267,,"=IF(OR(ISERROR(BI$1-BK24),BK24=""""),"""",BI$1-ROUND(BK24,1))",=A24,=BF24,"=IF(BG24<>"""",BG24,"""")","=IF(BH24<>"""",BH24,"""")",,=formulas!N287,,"=IF(OR(ISERROR(BQ$1-BS24),BS24=""""),"""",BQ$1-ROUND(BS24,1))",=A24,=BN24,"=IF(BO24<>"""",BO24,"""")","=IF(BP24<>"""",BP24,"""")",,=formulas!N307,,"=IF(OR(ISERROR(BY$1-CA24),CA24=""""),"""",BY$1-ROUND(CA24,1))",=A24,12,"=IF(BW24<>"""",BW24,"""")","=IF(BX24<>"""",BX24,"""")",,=formulas!N327,,"=IF(OR(ISERROR(CG$1-CI24),CI24=""""),"""",CG$1-ROUND(CI24,1))",=A24,=CD24,"=IF(CE24<>"""",CE24,"""")","=IF(CF24<>"""",CF24,"""")",,=formulas!N347,,"=IF(OR(ISERROR(CO$1-CQ24),CQ24=""""),"""",CO$1-ROUND(CQ24,1))",=A24,=CL24,"=IF(CM24<>"""",CM24,"""")","=IF(CN24<>"""",CN24,"""")",,=formulas!N367,,"=IF(OR(ISERROR(CW$1-CY24),CY24=""""),"""",CW$1-ROUND(CY24,1))",=A24,=CT24,"=IF(CU24<>"""",CU24,"""")","=IF(CV24<>"""",CV24,"""")",,=formulas!N387,,"=IF(OR(ISERROR(DE$1-DG24),DG24=""""),"""",DE$1-ROUND(DG24,1))",=A24,=DB24,"=(IF(DC24<>"""",DC24,""""))","=IF(DD24<>"""",DD24,"""")",,=formulas!N407,,"=IF(OR(ISERROR(DM$1-DO24),DO24=""""),"""",DM$1-ROUND(DO24,1))",=A24,16,"=IF(DK24<>"""",DK24,"""")","=IF(DL24<>"""",DL24,"""")",,=formulas!N427,,"=IF(OR(ISERROR(DU$1-DW24),DW24=""""),"""",DU$1-ROUND(DW24,1))",=A24,=DR24,"=(IF(DS24<>"""",DS24,""""))","=IF(DT24<>"""",DT24,"""")",,=formulas!N447,,"=IF(OR(ISERROR(EC$1-EE24),EE24=""""),"""",EC$1-ROUND(EE24,1))",=A24,=DZ24,"=(IF(EA24<>"""",EA24,""""))","=IF(EB24<>"""",EB24,"""")",,=formulas!N467,,"=IF(OR(ISERROR(EK$1-EM24),EM24=""""),"""",EK$1-ROUND(EM24,1))",=A24,=EH24,"=(IF(EI24<>"""",EI24,""""))","=IF(EJ24<>"""",EJ24,"""")",,=formulas!N487,,"=IF(OR(ISERROR(ES$1-EU24),EU24=""""),"""",ES$1-ROUND(EU24,1))",=A24,=EP24,"=(IF(EQ24<>"""",EQ24,""""))","=IF(ER24<>"""",ER24,"""")",,=formulas!N507,,"=IF(OR(ISERROR(FA$1-FC24),FC24=""""),"""",FA$1-ROUND(FC24,1))"
39,4,,,,=formulas!N126,,"=IF(OR(ISERROR(E$1-G25),G25=""""),"""",E$1-ROUND(G25,1))",=A25,4,"=IF(C25<>"""",C25,"""")","=IF(D25<>"""",D25,"""")",,=formulas!$N148,,"=IF(OR(ISERROR(M$1-O25),O25=""""),"""",M$1-ROUND(O25,1))",=A25,4,"=IF(K25<>"""",K25,"""")","=IF(L25<>"""",L25,"""")",,=formulas!$N168,,"=IF(OR(ISERROR(U$1-W25),W25=""""),"""",U$1-ROUND(W25,1))",=A25,4,"=IF(S25<>"""",S25,"""")","=IF(T25<>"""",T25,"""")",,=formulas!$N188,,"=IF(OR(ISERROR(AC$1-AE25),AE25=""""),"""",AC$1-ROUND(AE25,1))",=A25,4,"=IF(AA25<>"""",AA25,"""")","=IF(AB25<>"""",AB25,"""")",,=formulas!$N208,,"=IF(OR(ISERROR(AK$1-AM25),AM25=""""),"""",AK$1-ROUND(AM25,1))",=A25,8,,"=IF(AJ25<>"""",AJ25,"""")",,=formulas!N228,,"=IF(OR(ISERROR(AS$1-AU25),AU25=""""),"""",AS$1-ROUND(AU25,1))",=A25,=AP25,"=IF(AQ25<>"""",AQ25,"""")","=IF(AR25<>"""",AR25,"""")",,=formulas!N248,,"=IF(OR(ISERROR(BA$1-BC25),BC25=""""),"""",BA$1-ROUND(BC25,1))",=A25,=AX25,"=IF(AY25<>"""",AY25,"""")","=IF(AZ25<>"""",AZ25,"""")",,=formulas!N268,,"=IF(OR(ISERROR(BI$1-BK25),BK25=""""),"""",BI$1-ROUND(BK25,1))",=A25,=BF25,"=IF(BG25<>"""",BG25,"""")","=IF(BH25<>"""",BH25,"""")",,=formulas!N288,,"=IF(OR(ISERROR(BQ$1-BS25),BS25=""""),"""",BQ$1-ROUND(BS25,1))",=A25,=BN25,"=IF(BO25<>"""",BO25,"""")","=IF(BP25<>"""",BP25,"""")",,=formulas!N308,,"=IF(OR(ISERROR(BY$1-CA25),CA25=""""),"""",BY$1-ROUND(CA25,1))",=A25,12,"=IF(BW25<>"""",BW25,"""")","=IF(BX25<>"""",BX25,"""")",,=formulas!N328,,"=IF(OR(ISERROR(CG$1-CI25),CI25=""""),"""",CG$1-ROUND(CI25,1))",=A25,=CD25,"=IF(CE25<>"""",CE25,"""")","=IF(CF25<>"""",CF25,"""")",,=formulas!N348,,"=IF(OR(ISERROR(CO$1-CQ25),CQ25=""""),"""",CO$1-ROUND(CQ25,1))",=A25,=CL25,"=IF(CM25<>"""",CM25,"""")","=IF(CN25<>"""",CN25,"""")",,=formulas!N368,,"=IF(OR(ISERROR(CW$1-CY25),CY25=""""),"""",CW$1-ROUND(CY25,1))",=A25,=CT25,"=IF(CU25<>"""",CU25,"""")","=IF(CV25<>"""",CV25,"""")",,=formulas!N388,,"=IF(OR(ISERROR(DE$1-DG25),DG25=""""),"""",DE$1-ROUND(DG25,1))",=A25,=DB25,"=(IF(DC25<>"""",DC25,""""))","=IF(DD25<>"""",DD25,"""")",,=formulas!N408,,"=IF(OR(ISERROR(DM$1-DO25),DO25=""""),"""",DM$1-ROUND(DO25,1))",=A25,16,"=IF(DK25<>"""",DK25,"""")","=IF(DL25<>"""",DL25,"""")",,=formulas!N428,,"=IF(OR(ISERROR(DU$1-DW25),DW25=""""),"""",DU$1-ROUND(DW25,1))",=A25,=DR25,"=(IF(DS25<>"""",DS25,""""))","=IF(DT25<>"""",DT25,"""")",,=formulas!N448,,"=IF(OR(ISERROR(EC$1-EE25),EE25=""""),"""",EC$1-ROUND(EE25,1))",=A25,=DZ25,"=(IF(EA25<>"""",EA25,""""))","=IF(EB25<>"""",EB25,"""")",,=formulas!N468,,"=IF(OR(ISERROR(EK$1-EM25),EM25=""""),"""",EK$1-ROUND(EM25,1))",=A25,=EH25,"=(IF(EI25<>"""",EI25,""""))","=IF(EJ25<>"""",EJ25,"""")",,=formulas!N488,,"=IF(OR(ISERROR(ES$1-EU25),EU25=""""),"""",ES$1-ROUND(EU25,1))",=A25,=EP25,"=(IF(EQ25<>"""",EQ25,""""))","=IF(ER25<>"""",ER25,"""")",,=formulas!N508,,"=IF(OR(ISERROR(FA$1-FC25),FC25=""""),"""",FA$1-ROUND(FC25,1))"
40,4,,,,=formulas!N128,,"=IF(OR(ISERROR(E$1-G26),G26=""""),"""",E$1-ROUND(G26,1))",=A26,4,"=IF(C26<>"""",C26,"""")","=IF(D26<>"""",D26,"""")",,=formulas!$N149,,"=IF(OR(ISERROR(M$1-O26),O26=""""),"""",M$1-ROUND(O26,1))",=A26,4,"=IF(K26<>"""",K26,"""")","=IF(L26<>"""",L26,"""")",,=formulas!$N169,,"=IF(OR(ISERROR(U$1-W26),W26=""""),"""",U$1-ROUND(W26,1))",=A26,4,"=IF(S26<>"""",S26,"""")","=IF(T26<>"""",T26,"""")",,=formulas!$N189,,"=IF(OR(ISERROR(AC$1-AE26),AE26=""""),"""",AC$1-ROUND(AE26,1))",=A26,4,"=IF(AA26<>"""",AA26,"""")","=IF(AB26<>"""",AB26,"""")",,=formulas!$N209,,"=IF(OR(ISERROR(AK$1-AM26),AM26=""""),"""",AK$1-ROUND(AM26,1))",=A26,8,,"=IF(AJ26<>"""",AJ26,"""")",,=formulas!N229,,"=IF(OR(ISERROR(AS$1-AU26),AU26=""""),"""",AS$1-ROUND(AU26,1))",=A26,=AP26,"=IF(AQ26<>"""",AQ26,"""")","=IF(AR26<>"""",AR26,"""")",,=formulas!N249,,"=IF(OR(ISERROR(BA$1-BC26),BC26=""""),"""",BA$1-ROUND(BC26,1))",=A26,=AX26,"=IF(AY26<>"""",AY26,"""")","=IF(AZ26<>"""",AZ26,"""")",,=formulas!N269,,"=IF(OR(ISERROR(BI$1-BK26),BK26=""""),"""",BI$1-ROUND(BK26,1))",=A26,=BF26,"=IF(BG26<>"""",BG26,"""")","=IF(BH26<>"""",BH26,"""")",,=formulas!N289,,"=IF(OR(ISERROR(BQ$1-BS26),BS26=""""),"""",BQ$1-ROUND(BS26,1))",=A26,=BN26,"=IF(BO26<>"""",BO26,"""")","=IF(BP26<>"""",BP26,"""")",,=formulas!N309,,"=IF(OR(ISERROR(BY$1-CA26),CA26=""""),"""",BY$1-ROUND(CA26,1))",=A26,12,"=IF(BW26<>"""",BW26,"""")","=IF(BX26<>"""",BX26,"""")",,=formulas!N329,,"=IF(OR(ISERROR(CG$1-CI26),CI26=""""),"""",CG$1-ROUND(CI26,1))",=A26,=CD26,"=IF(CE26<>"""",CE26,"""")","=IF(CF26<>"""",CF26,"""")",,=formulas!N349,,"=IF(OR(ISERROR(CO$1-CQ26),CQ26=""""),"""",CO$1-ROUND(CQ26,1))",=A26,=CL26,"=IF(CM26<>"""",CM26,"""")","=IF(CN26<>"""",CN26,"""")",,=formulas!N369,,"=IF(OR(ISERROR(CW$1-CY26),CY26=""""),"""",CW$1-ROUND(CY26,1))",=A26,=CT26,"=IF(CU26<>"""",CU26,"""")","=IF(CV26<>"""",CV26,"""")",,=formulas!N389,,"=IF(OR(ISERROR(DE$1-DG26),DG26=""""),"""",DE$1-ROUND(DG26,1))",=A26,=DB26,"=(IF(DC26<>"""",DC26,""""))","=IF(DD26<>"""",DD26,"""")",,=formulas!N409,,"=IF(OR(ISERROR(DM$1-DO26),DO26=""""),"""",DM$1-ROUND(DO26,1))",=A26,16,"=IF(DK26<>"""",DK26,"""")","=IF(DL26<>"""",DL26,"""")",,=formulas!N429,,"=IF(OR(ISERROR(DU$1-DW26),DW26=""""),"""",DU$1-ROUND(DW26,1))",=A26,=DR26,"=(IF(DS26<>"""",DS26,""""))","=IF(DT26<>"""",DT26,"""")",,=formulas!N449,,"=IF(OR(ISERROR(EC$1-EE26),EE26=""""),"""",EC$1-ROUND(EE26,1))",=A26,=DZ26,"=(IF(EA26<>"""",EA26,""""))","=IF(EB26<>"""",EB26,"""")",,=formulas!N469,,"=IF(OR(ISERROR(EK$1-EM26),EM26=""""),"""",EK$1-ROUND(EM26,1))",=A26,=EH26,"=(IF(EI26<>"""",EI26,""""))","=IF(EJ26<>"""",EJ26,"""")",,=formulas!N489,,"=IF(OR(ISERROR(ES$1-EU26),EU26=""""),"""",ES$1-ROUND(EU26,1))",=A26,=EP26,"=(IF(EQ26<>"""",EQ26,""""))","=IF(ER26<>"""",ER26,"""")",,=formulas!N509,,"=IF(OR(ISERROR(FA$1-FC26),FC26=""""),"""",FA$1-ROUND(FC26,1))"
