,MULTIMETERS,,,,,,Name (individually spelled),,,,,
Shorthand,Type,Serial Number,Calibration Date,Date Due,Traceability,1,SP,-,3,,,
3458,H.P. 3458A,2823A08926,2024-05-08 00:00:00,2025-05-08 00:00:00,WO-00790034,2,PRT2,SN:,1624273,,,
34420,,,,,,3,,,,,,
8846,FLUKE 8846A,5472018,2024-07-10 00:00:00,2025-07-10 00:00:00,56561-061486,4,TTS,-,1,,,
0,=B5,=C5,=D5,=E5,=F5,5,ST,-,7,,,
1502,FLUKE 1502,B55852,2024-01-15 00:00:00,2025-01-15 00:00:00,56561-053313,6,PRT, SN:,496142,,,
,Additel 286,6851022030037,2024-07-01 00:00:00,2025-07-01 00:00:00,56561-060578,7,SP,-,1,,,
,,,,,,8,SP,-,3,,,
,,,,,,,,,,,,
,,,,,,,,,,,,
,,,,,,,,THERMOCOUPLES,,,,
,,,,,,,,Name,,Calibration Date,Date Due,Traceability
,,,,,,,14,SP-3,,2024-01-19 00:00:00,2025-01-19 00:00:00,SP30124
,,,,,,,15,"=CONCATENATE(H3,I3,J3)",,2024-03-27 00:00:00,2025-03-27 00:00:00,56561-056584
,,,,,,,16,"=CONCATENATE(H4,I4,J4)",,=K14,=L14,=M15
,,,,,,,17,"=CONCATENATE(H5,I5,J5)",,=K14,=L14,=M19
,,,,,,,18,"=CONCATENATE(H6,I6,J6)",,2023-05-16 00:00:00,2028-05-16 00:00:00,46756
,,,,,,,19,"=CONCATENATE(H7,I7,J7)",,2023-12-15 00:00:00,2025-12-15 00:00:00,G295632
,,,,,,,20,"=CONCATENATE(H8,I8,J8)",,2024-01-19 00:00:00,2025-01-19 00:00:00,SP10124
,,,,,,,21,"=CONCATENATE(H9,I9,J9)",,=K14,=L14,=M14
,,,,,,,,THE Set of Base metal Transfer Standards is grouped:,,,,Set SST-1
,,,,,,,,Put the set SN instead of individual standard on certs?,,,,
,,,,,,,,"If so, Enter ""Y""",N,,,
,,,,,,,,,,,,
,,,,,,,,,,,,
,,,,,,,, ,,,,
